Latitude,Longitude,Flood depth (m)
26.186,91.761,0.000340939
26.162,91.752,0.000374232
26.163,91.752,0.000374232
26.143,91.772,0.000449703
26.154,91.75,0.000500357
26.112,91.798,0.000676599
26.113,91.797,0.000676599
26.167,91.736,0.000769923
26.167,91.788,0.000878059
26.111,91.798,0.001029196
26.188,91.761,0.001194004
26.187,91.761,0.001294869
26.113,91.798,0.001344303
26.136,91.766,0.001574196
26.155,91.75,0.001602695
26.111,91.799,0.00169449
26.188,91.76,0.001720851
26.149,91.731,0.002025226
26.147,91.731,0.002025226
26.186,91.762,0.002052801
26.168,91.757,0.002065695
26.168,91.758,0.002065695
26.182,91.775,0.002083178
26.124,91.815,0.002234142
26.175,91.803,0.002263256
26.117,91.739,0.002291677
26.195,91.757,0.002392883
26.192,91.758,0.002394675
26.188,91.759,0.002394678
26.193,91.755,0.002394679
26.192,91.757,0.002394679
26.191,91.758,0.00239468
26.192,91.755,0.00239468
26.192,91.756,0.002394681
26.191,91.757,0.002394681
26.189,91.758,0.002394681
26.19,91.758,0.002394682
26.19,91.757,0.002394682
26.191,91.752,0.002394682
26.191,91.756,0.002394682
26.191,91.754,0.002394683
26.189,91.751,0.002394683
26.191,91.753,0.002394683
26.19,91.753,0.002394684
26.191,91.755,0.002394684
26.19,91.755,0.002394684
26.188,91.751,0.002394685
26.189,91.752,0.002394686
26.188,91.752,0.002394686
26.193,91.754,0.002395254
26.188,91.75,0.002395264
26.188,91.749,0.002395265
26.192,91.751,0.002395837
26.194,91.757,0.002396374
26.196,91.758,0.002396396
26.193,91.753,0.002396397
26.192,91.753,0.002396403
26.192,91.752,0.002396404
26.191,91.751,0.002396417
26.191,91.75,0.002396426
26.191,91.749,0.002396428
26.189,91.749,0.002396428
26.19,91.751,0.002396428
26.12,91.8,0.002554101
26.133,91.76,0.002582951
26.175,91.802,0.002735414
26.176,91.796,0.002763816
26.151,91.75,0.002819784
26.176,91.802,0.003043847
26.176,91.787,0.003072968
26.143,91.771,0.00313155
26.168,91.735,0.003237696
26.169,91.75,0.003282659
26.158,91.816,0.003301567
26.166,91.785,0.003337343
26.176,91.803,0.003366409
26.142,91.771,0.003487251
26.157,91.815,0.003505201
26.125,91.815,0.00354858
26.15,91.731,0.003615789
26.176,91.786,0.003626983
26.135,91.744,0.003716734
26.119,91.798,0.003773813
26.159,91.817,0.003822496
26.158,91.817,0.003826936
26.187,91.786,0.003895781
26.17,91.734,0.00398663
26.177,91.788,0.004051429
26.168,91.75,0.004116351
26.11,91.799,0.004193611
26.176,91.797,0.004197934
26.177,91.789,0.004305698
26.178,91.789,0.004340997
26.167,91.734,0.004404091
26.185,91.768,0.004585405
26.186,91.768,0.004598158
26.173,91.749,0.004616265
26.169,91.736,0.004735564
26.191,91.789,0.004739512
26.176,91.798,0.004781131
26.185,91.769,0.00488453
26.186,91.765,0.004897655
26.186,91.767,0.004948349
26.186,91.766,0.004950336
26.113,91.799,0.004961507
26.119,91.8,0.005020435
26.118,91.799,0.005056161
26.185,91.77,0.005126578
26.186,91.763,0.005168422
26.165,91.785,0.005175573
26.186,91.764,0.005189493
26.156,91.815,0.005196204
26.11,91.8,0.005214909
26.156,91.745,0.005313522
26.11,91.748,0.005328042
26.145,91.74,0.005417878
26.169,91.749,0.005440055
26.171,91.743,0.00568303
26.174,91.751,0.005821361
26.145,91.746,0.005823267
26.124,91.738,0.005892107
26.112,91.799,0.005999746
26.176,91.801,0.006031356
26.111,91.8,0.006287584
26.167,91.738,0.006385224
26.126,91.767,0.006524007
26.125,91.768,0.006547101
26.168,91.788,0.00669196
26.174,91.75,0.006700145
26.125,91.767,0.006809404
26.168,91.787,0.006837788
26.18,91.771,0.006854222
26.12,91.802,0.006873273
26.117,91.738,0.006932975
26.171,91.742,0.006960394
26.177,91.795,0.007010756
26.155,91.814,0.007026606
26.146,91.741,0.00704038
26.124,91.766,0.007071707
26.17,91.762,0.007113906
26.166,91.719,0.007141598
26.153,91.811,0.007165803
26.154,91.811,0.00717689
26.167,91.789,0.007190809
26.127,91.813,0.007222332
26.176,91.804,0.007252213
26.124,91.767,0.007317687
26.155,91.813,0.007350767
26.154,91.812,0.007370927
26.123,91.769,0.007372177
26.152,91.811,0.007382009
26.176,91.8,0.007383382
26.168,91.719,0.007396331
26.169,91.719,0.007403215
26.169,91.718,0.007411083
26.17,91.718,0.007416264
26.143,91.77,0.007424358
26.124,91.769,0.007424734
26.123,91.767,0.007563667
26.124,91.768,0.007563667
26.167,91.761,0.007601462
26.166,91.718,0.007622609
26.168,91.789,0.007652557
26.169,91.748,0.007701129
26.127,91.752,0.007723094
26.119,91.802,0.007733982
26.191,91.788,0.008024646
26.185,91.773,0.008064921
26.119,91.741,0.008076921
26.168,91.72,0.00817329
26.177,91.753,0.008195751
26.167,91.72,0.008196313
26.126,91.736,0.008248063
26.128,91.813,0.008268598
26.151,91.751,0.008329164
26.177,91.751,0.008430036
26.177,91.75,0.008430036
26.177,91.752,0.008430036
26.19,91.788,0.008555624
26.152,91.81,0.008591971
26.119,91.799,0.008637767
26.114,91.798,0.008652016
26.114,91.797,0.008652016
26.152,91.75,0.008673293
26.152,91.809,0.008703191
26.15,91.746,0.008726358
26.145,91.741,0.008727611
26.165,91.721,0.008768344
26.165,91.722,0.008784026
26.177,91.794,0.00880752
26.169,91.751,0.008870156
26.152,91.808,0.008967754
26.134,91.755,0.00898214
26.167,91.763,0.008997365
26.123,91.814,0.009195859
26.164,91.72,0.009264324
26.175,91.786,0.009310204
26.177,91.793,0.009319091
26.12,91.799,0.009336167
26.122,91.814,0.009347583
26.119,91.812,0.009487417
26.118,91.812,0.009487417
26.12,91.813,0.0094916
26.149,91.798,0.009673982
26.164,91.721,0.009686283
26.122,91.813,0.009734192
26.163,91.72,0.009811235
26.126,91.815,0.009820401
26.113,91.801,0.009910213
26.149,91.797,0.009943879
26.127,91.814,0.010009569
26.191,91.787,0.01007368
26.176,91.751,0.010139469
26.135,91.738,0.010162048
26.13,91.689,0.010185666
26.112,91.8,0.010278429
26.148,91.798,0.010288858
26.148,91.799,0.01032578
26.125,91.744,0.010343777
26.144,91.75,0.010362279
26.135,91.751,0.010370204
26.145,91.767,0.010370226
26.146,91.798,0.010425848
26.164,91.747,0.010439024
26.173,91.75,0.010440646
26.18,91.769,0.010569406
26.126,91.746,0.010641968
26.128,91.814,0.010717573
26.167,91.719,0.010726568
26.152,91.751,0.010730804
26.129,91.76,0.010753217
26.18,91.768,0.01075984
26.128,91.815,0.010797085
26.113,91.8,0.010819637
26.167,91.762,0.010896076
26.19,91.787,0.010899273
26.168,91.764,0.010990634
26.12,91.744,0.011043305
26.119,91.744,0.011043305
26.185,91.771,0.011046122
26.127,91.815,0.011071842
26.152,91.794,0.0112024
26.186,91.772,0.011238019
26.144,91.773,0.011552174
26.144,91.774,0.011738936
26.166,91.767,0.011849396
26.171,91.758,0.0119528
26.168,91.732,0.011963568
26.168,91.733,0.012092252
26.153,91.792,0.012217258
26.18,91.767,0.012331188
26.114,91.814,0.012340012
26.106,91.809,0.012340012
26.106,91.808,0.012340012
26.106,91.807,0.012340012
26.106,91.806,0.012340012
26.105,91.806,0.012340012
26.105,91.805,0.012340012
26.144,91.746,0.012354906
26.154,91.792,0.012404568
26.121,91.743,0.012437131
26.151,91.806,0.012716063
26.146,91.797,0.012739437
26.143,91.773,0.012775366
26.163,91.75,0.012867806
26.169,91.756,0.012924885
26.167,91.758,0.013016771
26.114,91.801,0.013016795
26.152,91.792,0.013087083
26.171,91.751,0.013096458
26.126,91.816,0.013131319
26.126,91.747,0.013162897
26.166,91.76,0.013190799
26.181,91.775,0.013208804
26.155,91.792,0.013221785
26.155,91.791,0.013248463
26.175,91.739,0.013297788
26.151,91.805,0.0133494
26.169,91.789,0.013391966
26.127,91.816,0.013507967
26.146,91.796,0.013525411
26.135,91.766,0.01353811
26.133,91.754,0.013759509
26.19,91.786,0.013800988
26.143,91.746,0.01387436
26.149,91.796,0.013949749
26.152,91.793,0.013956622
26.163,91.787,0.014068261
26.146,91.792,0.014139011
26.154,91.746,0.01416678
26.166,91.762,0.014204406
26.149,91.795,0.014213141
26.164,91.786,0.014236929
26.167,91.757,0.014313922
26.118,91.74,0.014474227
26.151,91.741,0.014579829
26.186,91.792,0.014716094
26.147,91.741,0.014770648
26.146,91.765,0.014832081
26.169,91.738,0.014890214
26.135,91.737,0.015001297
26.147,91.803,0.015073946
26.136,91.694,0.015143257
26.147,91.801,0.01524987
26.185,91.79,0.015317297
26.145,91.8,0.015343044
26.144,91.8,0.01538149
26.184,91.796,0.01543789
26.142,91.77,0.015491914
26.178,91.754,0.015496689
26.146,91.743,0.015510507
26.167,91.76,0.015632315
26.178,91.752,0.015757595
26.179,91.753,0.015796757
26.144,91.745,0.015810635
26.148,91.749,0.015919644
26.169,91.737,0.015966582
26.188,91.787,0.015973406
26.144,91.799,0.015997852
26.146,91.795,0.016009234
26.145,91.798,0.016047173
26.127,91.817,0.01609129
26.147,91.791,0.016165854
26.156,91.775,0.016251733
26.175,91.751,0.016527786
26.144,91.798,0.016558503
26.131,91.823,0.016559602
26.152,91.742,0.016596315
26.144,91.793,0.016680048
26.162,91.787,0.016773859
26.15,91.795,0.016798942
26.151,91.795,0.016798942
26.145,91.797,0.016808625
26.178,91.763,0.016810629
26.162,91.754,0.016847715
26.134,91.74,0.016847925
26.145,91.796,0.016884478
26.128,91.817,0.016909672
26.144,91.797,0.016931303
26.129,91.74,0.017037776
26.13,91.823,0.017092209
26.132,91.768,0.017179947
26.151,91.794,0.017180227
26.174,91.766,0.017241564
26.117,91.811,0.01725786
26.185,91.793,0.017304109
26.129,91.82,0.017338575
26.129,91.819,0.017345027
26.167,91.784,0.017393707
26.168,91.763,0.017455204
26.178,91.764,0.017519279
26.179,91.763,0.017539221
26.167,91.785,0.017579381
26.184,91.794,0.017601024
26.16,91.748,0.017619338
26.132,91.767,0.017626358
26.144,91.775,0.017653813
26.121,91.742,0.017688831
26.144,91.794,0.017706388
26.145,91.795,0.017706388
26.145,91.776,0.017720324
26.129,91.821,0.017730798
26.13,91.822,0.01777616
26.129,91.822,0.017790346
26.179,91.766,0.017790951
26.151,91.743,0.017862471
26.17,91.756,0.0179131
26.177,91.772,0.017945964
26.179,91.765,0.017948704
26.145,91.777,0.017979469
26.144,91.777,0.01799409
26.129,91.818,0.018015891
26.145,91.792,0.018028588
26.145,91.793,0.018028588
26.146,91.794,0.018060478
26.109,91.748,0.018075099
26.176,91.753,0.018176355
26.109,91.749,0.018250272
26.18,91.766,0.018256603
26.161,91.748,0.0183091
26.153,91.777,0.018331728
26.128,91.819,0.018389066
26.128,91.818,0.018425949
26.172,91.75,0.018513098
26.176,91.754,0.018535609
26.175,91.74,0.018596271
26.136,91.695,0.018650768
26.161,91.747,0.018757395
26.183,91.756,0.018805264
26.119,91.742,0.018884466
26.121,91.74,0.018884466
26.127,91.818,0.018885624
26.121,91.8,0.018903708
26.132,91.824,0.018942447
26.131,91.824,0.01894264
26.126,91.752,0.018981316
26.175,91.756,0.019113377
26.178,91.79,0.019121871
26.188,91.777,0.019135658
26.177,91.806,0.019161848
26.176,91.74,0.019169916
26.132,91.825,0.01918537
26.156,91.791,0.019259666
26.148,91.802,0.019266604
26.174,91.793,0.019309645
26.174,91.794,0.019309645
26.132,91.826,0.019360008
26.133,91.826,0.019360008
26.18,91.775,0.019379923
26.11,91.749,0.019417899
26.144,91.697,0.019429908
26.144,91.696,0.019430687
26.173,91.794,0.01945793
26.157,91.791,0.019719371
26.157,91.79,0.019744307
26.176,91.809,0.019814994
26.168,91.751,0.01982895
26.176,91.81,0.01984622
26.148,91.803,0.019891832
26.158,91.79,0.019994018
26.164,91.746,0.020039508
26.17,91.755,0.020060756
26.126,91.768,0.020063944
26.126,91.761,0.020081782
26.143,91.697,0.020189972
26.143,91.698,0.020189972
26.144,91.698,0.020189972
26.152,91.752,0.020216107
26.181,91.753,0.020348485
26.119,91.743,0.020351071
26.177,91.809,0.020444024
26.178,91.806,0.020482101
26.171,91.734,0.020525923
26.116,91.811,0.020572104
26.105,91.767,0.020711937
26.105,91.766,0.020711937
26.105,91.765,0.020711937
26.105,91.764,0.020711937
26.104,91.764,0.020711937
26.103,91.764,0.020711937
26.18,91.753,0.020719566
26.185,91.774,0.020889242
26.18,91.776,0.021088903
26.159,91.749,0.021103106
26.186,91.79,0.021177058
26.136,91.772,0.021321278
26.182,91.746,0.021385078
26.182,91.745,0.021385078
26.183,91.74,0.021393795
26.183,91.741,0.02139667
26.174,91.792,0.021408415
26.144,91.749,0.021421859
26.173,91.795,0.02142699
26.116,91.739,0.021445467
26.191,91.779,0.021483397
26.171,91.794,0.021625059
26.172,91.795,0.02165453
26.171,91.795,0.02165453
26.135,91.772,0.021712942
26.153,91.75,0.021753743
26.14,91.767,0.021848233
26.178,91.807,0.021959047
26.176,91.811,0.02201571
26.191,91.778,0.022035959
26.135,91.767,0.022129667
26.174,91.758,0.022182593
26.163,91.746,0.022194662
26.174,91.767,0.022225022
26.129,91.749,0.022227852
26.174,91.791,0.022235966
26.181,91.776,0.022362189
26.179,91.754,0.022510083
26.145,91.768,0.022533379
26.159,91.75,0.022536654
26.171,91.757,0.022566495
26.176,91.739,0.022598295
26.171,91.755,0.022691355
26.188,91.775,0.022814159
26.141,91.77,0.022896812
26.149,91.803,0.022932124
26.173,91.763,0.023005981
26.177,91.81,0.023107743
26.17,91.754,0.02310848
26.127,91.751,0.023206451
26.185,91.775,0.023248286
26.178,91.808,0.023264246
26.176,91.812,0.023272607
26.185,91.797,0.023315949
26.177,91.812,0.023376551
26.184,91.797,0.023382063
26.177,91.811,0.023472388
26.176,91.738,0.023570032
26.126,91.762,0.023598332
26.165,91.78,0.023669357
26.187,91.799,0.023780103
26.171,91.756,0.023826811
26.172,91.756,0.024014463
26.172,91.792,0.024062896
26.149,91.804,0.024070139
26.188,91.791,0.024135547
26.114,91.802,0.024178364
26.109,91.719,0.024283481
26.172,91.752,0.02429898
26.184,91.798,0.024377081
26.175,91.769,0.024420099
26.166,91.756,0.024430504
26.185,91.798,0.024448013
26.144,91.778,0.024538457
26.174,91.757,0.024661407
26.141,91.768,0.024665811
26.17,91.763,0.024723613
26.178,91.809,0.024739451
26.144,91.744,0.024747763
26.134,91.767,0.024772768
26.16,91.752,0.024784951
26.115,91.801,0.024998636
26.172,91.753,0.025037537
26.175,91.754,0.025074244
26.125,91.769,0.02508595
26.19,91.785,0.02513936
26.19,91.778,0.025166848
26.147,91.742,0.025168366
26.189,91.778,0.025240619
26.166,91.769,0.025277939
26.178,91.811,0.025295596
26.178,91.81,0.02531909
26.125,91.74,0.02534009
26.189,91.785,0.025400066
26.151,91.804,0.025451026
26.175,91.755,0.025493877
26.145,91.748,0.025528853
26.187,91.789,0.025575545
26.144,91.741,0.025606523
26.186,91.798,0.025609913
26.114,91.804,0.025613391
26.185,91.777,0.025625758
26.127,91.748,0.025660474
26.128,91.747,0.025671797
26.179,91.759,0.025686309
26.174,91.768,0.025686836
26.17,91.758,0.025851502
26.171,91.753,0.025928643
26.185,91.776,0.02595665
26.187,91.79,0.025996897
26.133,91.753,0.026060047
26.144,91.779,0.026119528
26.145,91.749,0.026155331
26.121,91.768,0.026170826
26.12,91.768,0.026170826
26.128,91.751,0.02617455
26.115,91.803,0.02619437
26.186,91.799,0.026222274
26.165,91.729,0.026237969
26.184,91.799,0.026268175
26.123,91.768,0.026271884
26.184,91.8,0.026278942
26.129,91.758,0.026299062
26.186,91.775,0.02630702
26.182,91.756,0.026326318
26.186,91.8,0.026327293
26.179,91.758,0.026413097
26.144,91.751,0.026415393
26.132,91.737,0.026470737
26.165,91.728,0.026475141
26.128,91.75,0.026526356
26.136,91.674,0.02655911
26.17,91.751,0.026561875
26.17,91.759,0.026665635
26.108,91.716,0.026770053
26.124,91.77,0.026777887
26.165,91.779,0.026791062
26.17,91.76,0.02679781
26.187,91.8,0.026900833
26.125,91.77,0.026943624
26.115,91.802,0.026955764
26.171,91.793,0.027010884
26.14,91.768,0.027191336
26.144,91.782,0.027328568
26.174,91.756,0.027331009
26.144,91.781,0.027346895
26.128,91.748,0.027380433
26.172,91.757,0.02739677
26.187,91.801,0.027494485
26.171,91.754,0.027518311
26.145,91.78,0.027573597
26.117,91.804,0.02759388
26.126,91.737,0.027597768
26.173,91.79,0.027610896
26.116,91.802,0.027623944
26.18,91.754,0.027628334
26.145,91.781,0.027682996
26.165,91.73,0.0277072
26.188,91.801,0.027731874
26.158,91.753,0.027751703
26.127,91.753,0.027859845
26.161,91.745,0.027866385
26.188,91.802,0.027926636
26.186,91.802,0.027928393
26.187,91.802,0.027928419
26.176,91.77,0.027943661
26.141,91.769,0.027986825
26.128,91.749,0.028016257
26.135,91.749,0.028051925
26.169,91.755,0.02809402
26.133,91.752,0.02813966
26.187,91.803,0.028162124
26.187,91.804,0.028164058
26.145,91.742,0.028245485
26.15,91.803,0.028316543
26.128,91.755,0.028350987
26.152,91.753,0.028354108
26.171,91.792,0.028450792
26.144,91.783,0.028455708
26.128,91.756,0.028472657
26.186,91.804,0.028521464
26.173,91.791,0.028555434
26.144,91.748,0.028578141
26.114,91.805,0.028610044
26.19,91.777,0.028623915
26.186,91.805,0.028729649
26.186,91.806,0.028879218
26.116,91.803,0.028888779
26.117,91.803,0.028895669
26.166,91.728,0.028905253
26.128,91.742,0.028905313
26.136,91.675,0.029012775
26.128,91.758,0.029056494
26.175,91.758,0.029065008
26.165,91.76,0.029095831
26.179,91.76,0.029146464
26.182,91.786,0.02917418
26.125,91.738,0.029175415
26.182,91.785,0.029175873
26.136,91.773,0.029249976
26.106,91.772,0.029288063
26.144,91.752,0.029304414
26.186,91.807,0.029306185
26.172,91.794,0.029317808
26.175,91.768,0.0293275
26.15,91.802,0.029411709
26.178,91.76,0.02941772
26.178,91.761,0.02941772
26.178,91.762,0.02941772
26.187,91.791,0.029419093
26.131,91.734,0.029421558
26.176,91.771,0.029423285
26.174,91.77,0.02959991
26.165,91.731,0.029673235
26.174,91.769,0.029704297
26.186,91.808,0.029719229
26.185,91.808,0.029736385
26.181,91.76,0.029805157
26.125,91.743,0.029827058
26.113,91.805,0.029837451
26.185,91.809,0.030129564
26.184,91.809,0.030136111
26.183,91.809,0.030155451
26.131,91.737,0.030241358
26.165,91.732,0.030278313
26.168,91.785,0.030335059
26.173,91.757,0.030438976
26.15,91.801,0.030463476
26.182,91.81,0.03058157
26.134,91.751,0.030597553
26.167,91.769,0.030620315
26.133,91.751,0.030632896
26.13,91.824,0.030771916
26.125,91.821,0.030824823
26.173,91.792,0.030828459
26.171,91.791,0.030864758
26.169,91.764,0.030882959
26.128,91.746,0.030904579
26.143,91.753,0.031053867
26.13,91.825,0.031054332
26.168,91.753,0.031063051
26.126,91.821,0.031091113
26.182,91.787,0.031140537
26.118,91.804,0.031178412
26.117,91.805,0.031181526
26.167,91.77,0.031297266
26.175,91.767,0.031365795
26.183,91.812,0.031375959
26.133,91.733,0.03138854
26.116,91.804,0.031482451
26.127,91.821,0.031487966
26.183,91.793,0.031567745
26.184,91.793,0.031594048
26.148,91.748,0.03159621
26.119,91.737,0.031609182
26.166,91.761,0.031634197
26.166,91.727,0.031647558
26.115,91.804,0.031648159
26.172,91.793,0.031654248
26.189,91.779,0.031660323
26.145,91.766,0.031702249
26.175,91.77,0.031705744
26.151,91.742,0.031725819
26.183,91.787,0.031736722
26.125,91.741,0.031822448
26.175,91.757,0.031831422
26.184,91.813,0.031837428
26.165,91.727,0.031884203
26.168,91.786,0.031925788
26.127,91.822,0.031953681
26.128,91.822,0.031964352
26.172,91.751,0.031976247
26.173,91.793,0.032000589
26.151,91.78,0.032016203
26.191,91.78,0.032125185
26.163,91.754,0.032186677
26.116,91.81,0.032199545
26.115,91.81,0.032226825
26.184,91.814,0.03225723
26.166,91.779,0.032261558
26.189,91.777,0.032264402
26.17,91.791,0.03232656
26.17,91.752,0.032343998
26.128,91.823,0.032359676
26.129,91.824,0.032379935
26.17,91.764,0.032403867
26.177,91.791,0.032417228
26.178,91.771,0.032437322
26.128,91.763,0.032500589
26.158,91.749,0.03255769
26.184,91.792,0.032580745
26.154,91.751,0.032645512
26.157,91.774,0.032747004
26.177,91.815,0.032812421
26.168,91.77,0.032872307
26.146,91.786,0.033039956
26.173,91.756,0.033048811
26.177,91.816,0.033105412
26.17,91.753,0.033110483
26.168,91.752,0.033110483
26.134,91.739,0.033152075
26.148,91.742,0.033175769
26.131,91.759,0.033208957
26.178,91.816,0.03325201
26.18,91.764,0.033280249
26.184,91.817,0.033342502
26.112,91.729,0.033343577
26.125,91.742,0.033418698
26.179,91.818,0.033535433
26.184,91.818,0.033574684
26.184,91.819,0.033575583
26.183,91.819,0.033575692
26.183,91.82,0.033576562
26.183,91.821,0.033577511
26.145,91.744,0.033586307
26.178,91.817,0.033625078
26.182,91.826,0.033649979
26.182,91.823,0.033649979
26.177,91.827,0.033649979
26.177,91.826,0.033649979
26.177,91.825,0.033649979
26.177,91.823,0.033649979
26.177,91.822,0.033649979
26.178,91.818,0.033649979
26.177,91.828,0.033649979
26.127,91.738,0.033723555
26.174,91.79,0.033726039
26.134,91.738,0.03373174
26.118,91.805,0.033731747
26.168,91.769,0.033901114
26.134,91.741,0.033903642
26.174,91.789,0.0339276
26.127,91.747,0.033948016
26.138,91.678,0.033954048
26.15,91.742,0.034066293
26.15,91.78,0.034135785
26.181,91.765,0.034315829
26.136,91.736,0.034317644
26.17,91.79,0.034345622
26.126,91.744,0.034404399
26.165,91.761,0.034406352
26.112,91.732,0.034462476
26.165,91.769,0.034482396
26.176,91.761,0.034501631
26.175,91.759,0.034501631
26.134,91.733,0.034526711
26.175,91.764,0.034637074
26.162,91.755,0.034643879
26.146,91.766,0.034653111
26.133,91.767,0.034923675
26.181,91.763,0.03493156
26.167,91.766,0.035024209
26.182,91.76,0.035062032
26.19,91.781,0.035070975
26.178,91.758,0.035147936
26.185,91.795,0.035193386
26.17,91.742,0.035341508
26.14,91.764,0.035364232
26.165,91.778,0.035374458
26.174,91.788,0.035375752
26.185,91.792,0.03542279
26.185,91.791,0.035430946
26.17,91.743,0.035457327
26.191,91.782,0.035465584
26.176,91.762,0.035534551
26.17,91.729,0.035544543
26.17,91.741,0.035573146
26.124,91.771,0.035635579
26.181,91.764,0.035647855
26.167,91.764,0.035721576
26.127,91.745,0.035818663
26.125,91.771,0.035831821
26.172,91.763,0.035886977
26.19,91.782,0.035964403
26.149,91.742,0.035964417
26.157,91.775,0.036054022
26.119,91.768,0.036129532
26.144,91.809,0.036227946
26.174,91.752,0.036379635
26.151,91.745,0.036401649
26.158,91.774,0.03652298
26.174,91.781,0.036541352
26.15,91.749,0.036564503
26.143,91.809,0.036575801
26.15,91.804,0.036638279
26.135,91.733,0.036683955
26.135,91.734,0.036683955
26.123,91.82,0.036753542
26.186,91.791,0.036759853
26.134,91.742,0.036869681
26.165,91.768,0.036876035
26.146,91.764,0.036921229
26.14,91.766,0.036929212
26.112,91.81,0.036990337
26.112,91.809,0.036992769
26.114,91.809,0.036994529
26.113,91.809,0.036995151
26.182,91.764,0.037104793
26.115,91.809,0.037105362
26.139,91.679,0.037149639
26.19,91.783,0.03725168
26.15,91.805,0.037256513
26.177,91.782,0.037273989
26.133,91.737,0.037300961
26.17,91.728,0.037393131
26.154,91.752,0.037425239
26.111,91.812,0.037659988
26.111,91.811,0.037659988
26.11,91.811,0.037659988
26.11,91.81,0.037659988
26.111,91.81,0.037659988
26.11,91.809,0.037659988
26.111,91.808,0.037659988
26.111,91.807,0.037659988
26.112,91.807,0.037659988
26.112,91.806,0.037659988
26.113,91.806,0.037659988
26.177,91.757,0.037672997
26.127,91.746,0.037680655
26.115,91.813,0.037708645
26.189,91.783,0.037750287
26.188,91.783,0.037782443
26.19,91.784,0.03786473
26.167,91.727,0.038021154
26.189,91.784,0.038066292
26.175,91.738,0.038165529
26.182,91.763,0.038405578
26.159,91.748,0.038572819
26.175,91.781,0.038590732
26.15,91.806,0.038605244
26.146,91.785,0.038667083
26.19,91.792,0.038712158
26.19,91.79,0.038712192
26.19,91.791,0.038712194
26.191,91.79,0.038712196
26.191,91.791,0.038712199
26.144,91.81,0.038751841
26.17,91.739,0.038784914
26.168,91.742,0.039097266
26.144,91.742,0.039124861
26.151,91.746,0.039202766
26.169,91.79,0.039325528
26.182,91.765,0.039385033
26.182,91.766,0.039445612
26.188,91.778,0.039454195
26.145,91.745,0.039499393
26.133,91.761,0.039509988
26.159,91.751,0.039534307
26.143,91.81,0.039775701
26.176,91.757,0.039776421
26.146,91.744,0.039804728
26.182,91.767,0.03993284
26.162,91.721,0.040188785
26.162,91.72,0.040188932
26.163,91.721,0.04027277
26.163,91.719,0.040347099
26.135,91.748,0.04041914
26.15,91.807,0.040456729
26.177,91.792,0.040542073
26.188,91.789,0.040608225
26.183,91.767,0.040622449
26.178,91.772,0.040683584
26.183,91.766,0.040685678
26.151,91.807,0.040742841
26.167,91.733,0.040750723
26.182,91.788,0.040776129
26.173,91.755,0.040796614
26.166,91.768,0.040823236
26.164,91.719,0.040850301
26.157,91.77,0.04086566
26.175,91.782,0.040866795
26.146,91.745,0.0409622
26.168,91.79,0.041001735
26.151,91.808,0.041232724
26.164,91.722,0.041339583
26.186,91.787,0.04138227
26.126,91.734,0.041413965
26.13,91.735,0.041413965
26.176,91.783,0.041482096
26.186,91.776,0.041547999
26.151,91.809,0.041569672
26.164,91.723,0.041596251
26.164,91.718,0.041624265
26.144,91.74,0.041628165
26.157,91.776,0.041628652
26.169,91.728,0.041676106
26.165,91.718,0.041681442
26.165,91.717,0.041688657
26.164,91.717,0.041704698
26.164,91.716,0.041706133
26.152,91.749,0.04184103
26.187,91.774,0.041944866
26.173,91.753,0.042077289
26.181,91.762,0.042217331
26.142,91.745,0.04226717
26.143,91.811,0.042414813
26.13,91.759,0.042452717
26.17,91.717,0.042582684
26.17,91.716,0.042596874
26.151,91.81,0.042603369
26.167,91.74,0.042621384
26.167,91.726,0.042630587
26.169,91.717,0.042639294
26.187,91.787,0.042729816
26.145,91.811,0.04282021
26.165,91.723,0.042890854
26.154,91.813,0.042901144
26.167,91.786,0.042935371
26.175,91.78,0.042963281
26.143,91.812,0.042989907
26.153,91.812,0.043043294
26.153,91.813,0.04307116
26.132,91.76,0.043083949
26.152,91.812,0.043215775
26.176,91.784,0.043218861
26.151,91.811,0.043229537
26.151,91.812,0.043248634
26.179,91.772,0.04326911
26.135,91.739,0.0432938
26.167,91.779,0.043346543
26.127,91.744,0.043382473
26.171,91.763,0.043660145
26.128,91.743,0.043724227
26.154,91.814,0.043734355
26.165,91.724,0.043764124
26.134,91.743,0.043833237
26.167,91.732,0.043877907
26.181,91.761,0.04391542
26.153,91.814,0.043957062
26.159,91.747,0.044007187
26.15,91.743,0.044101434
26.144,91.811,0.044131722
26.15,91.745,0.044143176
26.166,91.724,0.044177094
26.151,91.744,0.044195776
26.166,91.725,0.044208083
26.185,91.796,0.044229226
26.177,91.79,0.044239216
26.189,91.776,0.044240117
26.166,91.726,0.044261765
26.154,91.815,0.044265437
26.149,91.782,0.044288592
26.156,91.776,0.04430059
26.188,91.776,0.044300694
26.134,91.737,0.044310136
26.186,91.795,0.044383092
26.186,91.796,0.044384236
26.186,91.786,0.044397392
26.179,91.787,0.044424639
26.144,91.812,0.04443758
26.144,91.743,0.044478827
26.145,91.743,0.044592862
26.152,91.813,0.044594455
26.187,91.776,0.04459938
26.182,91.789,0.044651361
26.149,91.743,0.044664593
26.168,91.766,0.044710827
26.183,91.794,0.0447471
26.146,91.748,0.044764304
26.155,91.815,0.044786181
26.146,91.746,0.044990664
26.166,91.733,0.045065122
26.149,91.746,0.045221987
26.17,91.74,0.045239415
26.174,91.753,0.045254021
26.119,91.801,0.04525888
26.176,91.785,0.045278468
26.169,91.729,0.045425534
26.174,91.782,0.045460329
26.155,91.816,0.045537024
26.177,91.785,0.045584507
26.152,91.814,0.045592771
26.14,91.765,0.045845971
26.126,91.739,0.045852957
26.136,91.676,0.045907302
26.188,91.779,0.045930171
26.169,91.727,0.045960913
26.166,91.732,0.045979776
26.184,91.795,0.046094694
26.159,91.818,0.046204329
26.16,91.819,0.046220002
26.159,91.819,0.046221128
26.161,91.82,0.046221786
26.182,91.761,0.046357412
26.156,91.816,0.046494799
26.127,91.762,0.046550865
26.151,91.813,0.046646776
26.167,91.787,0.046662655
26.181,91.789,0.046715851
26.169,91.786,0.046748128
26.179,91.789,0.046766839
26.151,91.814,0.046819911
26.145,91.785,0.046853909
26.187,91.788,0.046882262
26.16,91.746,0.046882305
26.175,91.766,0.046887307
26.146,91.767,0.046888204
26.177,91.786,0.047054234
26.143,91.744,0.047066793
26.135,91.745,0.047077098
26.175,91.787,0.047156334
26.158,91.771,0.04720871
26.177,91.787,0.04736867
26.158,91.773,0.047373381
26.161,91.821,0.047428131
26.178,91.787,0.047442775
26.156,91.817,0.047455788
26.156,91.818,0.047455916
26.158,91.818,0.047456036
26.157,91.818,0.047456036
26.16,91.82,0.047456217
26.162,91.822,0.047485275
26.162,91.821,0.047485275
26.186,91.773,0.04749074
26.12,91.801,0.047515464
26.18,91.789,0.047579494
26.187,91.773,0.047586346
26.194,91.758,0.047605324
26.192,91.759,0.047605329
26.192,91.76,0.047605329
26.193,91.76,0.047605329
26.193,91.759,0.047605329
26.193,91.758,0.047605329
26.195,91.758,0.047607117
26.143,91.749,0.047610025
26.191,91.759,0.047628908
26.19,91.759,0.04763031
26.19,91.76,0.047631793
26.191,91.76,0.047631803
26.156,91.777,0.047685781
26.167,91.765,0.047724776
26.131,91.681,0.047780228
26.132,91.679,0.047780228
26.173,91.754,0.04778337
26.175,91.765,0.047785172
26.147,91.786,0.04781467
26.182,91.762,0.047846794
26.128,91.752,0.047921934
26.155,91.777,0.047948198
26.128,91.744,0.047992783
26.145,91.765,0.048068027
26.171,91.739,0.048133626
26.16,91.771,0.048223839
26.175,91.779,0.048272862
26.128,91.745,0.048288798
26.175,91.788,0.048447266
26.183,91.785,0.048477921
26.127,91.743,0.048618174
26.159,91.771,0.048650451
26.145,91.761,0.048669868
26.161,91.746,0.04871119
26.129,91.759,0.048838844
26.16,91.747,0.048902893
26.147,91.802,0.048941975
26.128,91.754,0.048972702
26.136,91.737,0.048979001
26.154,91.777,0.048990812
26.152,91.744,0.048993964
26.131,91.762,0.049041882
26.189,91.759,0.049162912
26.189,91.79,0.049189353
26.13,91.738,0.049298835
26.145,91.769,0.049320912
26.136,91.738,0.049442649
26.18,91.77,0.049458365
26.158,91.772,0.049490185
26.128,91.753,0.049552522
26.15,91.744,0.049592991
26.176,91.788,0.049608417
26.145,91.771,0.049623561
26.145,91.77,0.049623561
26.179,91.788,0.049739671
26.173,91.744,0.049812756
26.189,91.76,0.049968109
26.152,91.743,0.049998455
26.172,91.764,0.050122247
26.173,91.764,0.050251961
26.168,91.731,0.050551143
26.174,91.754,0.050592318
26.188,91.79,0.05070148
26.133,91.766,0.050713596
26.115,91.739,0.050910859
26.134,91.761,0.051160269
26.127,91.737,0.051178684
26.161,91.755,0.051397381
26.143,91.743,0.051404281
26.135,91.752,0.052056112
26.174,91.783,0.052131042
26.134,91.76,0.052413669
26.14,91.681,0.052475624
26.183,91.784,0.052660303
26.156,91.753,0.052793612
26.175,91.783,0.05281673
26.156,91.752,0.052825871
26.156,91.751,0.052876325
26.19,91.789,0.053338709
26.168,91.779,0.053429513
26.168,91.729,0.05344523
26.142,91.743,0.053473582
26.189,91.789,0.053591809
26.146,91.747,0.05369041
26.157,91.751,0.053930683
26.158,91.751,0.053931704
26.157,91.75,0.053936644
26.158,91.75,0.053956285
26.189,91.788,0.054007492
26.114,91.739,0.054127445
26.172,91.74,0.054151893
26.134,91.759,0.054292154
26.156,91.754,0.054550219
26.169,91.765,0.054552174
26.189,91.78,0.055281749
26.136,91.765,0.055319929
26.159,91.772,0.055382376
26.169,91.787,0.055493188
26.142,91.744,0.055942383
26.16,91.755,0.056095581
26.172,91.743,0.056116004
26.187,91.777,0.056558423
26.143,91.755,0.056851034
26.112,91.735,0.057014008
26.178,91.792,0.057068615
26.163,91.78,0.057300286
26.142,91.746,0.057558775
26.179,91.795,0.057724404
26.143,91.75,0.057838368
26.167,91.731,0.057915835
26.168,91.727,0.057946305
26.175,91.784,0.05813509
26.142,91.747,0.058574452
26.186,91.777,0.058581185
26.178,91.794,0.058824191
26.156,91.76,0.059144144
26.156,91.761,0.059154329
26.132,91.761,0.059233298
26.175,91.785,0.05934978
26.171,91.741,0.059389863
26.178,91.796,0.059562802
26.148,91.747,0.059757547
26.137,91.675,0.059808297
26.134,91.754,0.05981698
26.169,91.788,0.059920506
26.178,91.795,0.060023966
26.162,91.772,0.060063324
26.135,91.746,0.060068035
26.157,91.769,0.060227222
26.114,91.738,0.060254006
26.157,91.767,0.060521107
26.171,91.74,0.060580549
26.174,91.785,0.060647144
26.135,91.747,0.060651259
26.143,91.684,0.060826015
26.163,91.772,0.060874934
26.147,91.747,0.060960073
26.135,91.743,0.061177526
26.147,91.748,0.061336503
26.135,91.741,0.061516376
26.159,91.773,0.061524639
26.135,91.755,0.06187007
26.188,91.788,0.061883168
26.128,91.741,0.062350097
26.13,91.76,0.06304914
26.176,91.782,0.063299398
26.126,91.735,0.06353323
26.137,91.676,0.063536363
26.131,91.76,0.063595757
26.17,91.788,0.06375061
26.135,91.742,0.064207039
26.143,91.685,0.064226398
26.149,91.744,0.064284563
26.168,91.728,0.064348016
26.178,91.793,0.064399214
26.127,91.739,0.064423079
26.183,91.795,0.064696417
26.143,91.683,0.064708805
26.141,91.764,0.064718075
26.15,91.783,0.064750776
26.13,91.736,0.064909086
26.154,91.753,0.065100603
26.147,91.744,0.065148635
26.149,91.783,0.065340366
26.168,91.73,0.065447135
26.135,91.74,0.065573053
26.183,91.797,0.065602741
26.137,91.677,0.065634418
26.182,91.798,0.065949197
26.186,91.785,0.066165442
26.157,91.768,0.06625988
26.145,91.688,0.066319146
26.174,91.786,0.066400466
26.145,91.693,0.066498232
26.183,91.798,0.066685262
26.17,91.789,0.066701245
26.144,91.747,0.066877642
26.145,91.692,0.067106266
26.162,91.781,0.067156024
26.129,91.738,0.067263837
26.138,91.677,0.067307625
26.149,91.784,0.067827244
26.164,91.778,0.067854085
26.177,91.805,0.06800951
26.174,91.787,0.068118811
26.148,91.786,0.068208852
26.145,91.764,0.068283477
26.167,91.728,0.068291907
26.147,91.694,0.068636837
26.144,91.69,0.068638792
26.144,91.691,0.068658586
26.144,91.692,0.068663011
26.166,91.731,0.068677635
26.169,91.779,0.068961105
26.15,91.782,0.069038181
26.171,91.79,0.069066763
26.146,91.793,0.069124455
26.167,91.73,0.069138389
26.146,91.696,0.06942162
26.146,91.693,0.069422755
26.145,91.696,0.069422855
26.147,91.793,0.069533439
26.147,91.792,0.069533439
26.184,91.784,0.069888577
26.182,91.799,0.070023532
26.154,91.754,0.070029063
26.146,91.697,0.070189972
26.145,91.697,0.070189972
26.145,91.698,0.070189972
26.146,91.698,0.070189972
26.145,91.747,0.07047677
26.113,91.738,0.070503674
26.171,91.789,0.070758047
26.143,91.747,0.071238394
26.127,91.742,0.071449218
26.173,91.787,0.071492448
26.143,91.751,0.071512699
26.183,91.8,0.072004647
26.173,91.788,0.072193623
26.129,91.739,0.072297511
26.166,91.73,0.072336664
26.183,91.796,0.072378492
26.149,91.785,0.072472162
26.153,91.778,0.072493424
26.173,91.789,0.072577024
26.186,91.784,0.072819524
26.181,91.798,0.072859893
26.127,91.741,0.073100514
26.132,91.738,0.073103199
26.159,91.774,0.073238311
26.155,91.759,0.073284411
26.182,91.8,0.073392978
26.181,91.799,0.073436275
26.136,91.735,0.073538976
26.112,91.736,0.073632903
26.183,91.799,0.073729277
26.143,91.752,0.074064178
26.17,91.779,0.074170766
26.18,91.798,0.074313688
26.18,91.799,0.074433928
26.172,91.789,0.075569148
26.167,91.729,0.075644598
26.134,91.762,0.075909114
26.161,91.771,0.076400952
26.187,91.784,0.077149382
26.17,91.778,0.077718544
26.183,91.801,0.077829409
26.182,91.801,0.077844691
26.183,91.802,0.077959838
26.183,91.803,0.078238754
26.183,91.804,0.078362765
26.145,91.763,0.078399267
26.183,91.805,0.078446026
26.183,91.806,0.078840656
26.18,91.807,0.079103894
26.182,91.807,0.079270463
26.088,91.784,0.079277544
26.095,91.785,0.079288063
26.09,91.785,0.079288063
26.18,91.808,0.079510751
26.182,91.808,0.079750624
26.182,91.809,0.079788947
26.087,91.784,0.079855142
26.187,91.783,0.079867759
26.18,91.809,0.07997901
26.181,91.809,0.080047932
26.181,91.81,0.080392656
26.18,91.81,0.080394411
26.142,91.754,0.080536547
26.163,91.779,0.080668116
26.187,91.78,0.080710239
26.188,91.78,0.080807104
26.18,91.811,0.080895433
26.182,91.811,0.080925808
26.134,91.766,0.081026402
26.13,91.737,0.08103137
26.173,91.77,0.081285067
26.18,91.812,0.081295834
26.187,91.782,0.081360569
26.182,91.812,0.081362476
26.177,91.771,0.081440516
26.144,91.759,0.081505432
26.111,91.724,0.081667233
26.179,91.812,0.081730614
26.179,91.813,0.081747179
26.144,91.76,0.081799803
26.183,91.813,0.081842842
26.142,91.728,0.081934547
26.177,91.813,0.081939688
26.177,91.814,0.081978273
26.178,91.813,0.081990328
26.137,91.738,0.082192545
26.183,91.814,0.082253466
26.183,91.815,0.082283335
26.152,91.779,0.082329264
26.134,91.765,0.082374077
26.142,91.748,0.082418966
26.178,91.814,0.082485905
26.184,91.815,0.082642479
26.178,91.815,0.082897243
26.179,91.815,0.082909307
26.184,91.816,0.082931633
26.183,91.816,0.082966557
26.181,91.816,0.083079271
26.18,91.816,0.083100843
26.179,91.816,0.083118982
26.131,91.761,0.083197136
26.183,91.817,0.083349123
26.181,91.817,0.083405771
26.144,91.761,0.083503103
26.145,91.762,0.083535223
26.18,91.817,0.083560534
26.183,91.818,0.083575945
26.182,91.818,0.083579893
26.182,91.819,0.08358119
26.181,91.82,0.083581553
26.181,91.818,0.083583288
26.181,91.819,0.083587646
26.18,91.819,0.08359478
26.179,91.823,0.083601828
26.18,91.818,0.083607702
26.179,91.819,0.083608675
26.172,91.77,0.08364789
26.181,91.827,0.083649979
26.181,91.826,0.083649979
26.181,91.825,0.083649979
26.182,91.825,0.083649979
26.182,91.824,0.083649979
26.181,91.824,0.083649979
26.181,91.823,0.083649979
26.181,91.822,0.083649979
26.181,91.821,0.083649979
26.178,91.819,0.083649979
26.178,91.82,0.083649979
26.178,91.821,0.083649979
26.178,91.822,0.083649979
26.179,91.822,0.083649979
26.178,91.823,0.083649979
26.178,91.824,0.083649979
26.178,91.825,0.083649979
26.178,91.826,0.083649979
26.178,91.827,0.083649979
26.181,91.828,0.083649979
26.178,91.828,0.083649979
26.185,91.778,0.083705645
26.187,91.781,0.083955116
26.188,91.781,0.084140749
26.128,91.739,0.084238567
26.155,91.778,0.084979277
26.16,91.756,0.085179787
26.148,91.785,0.085207195
26.186,91.778,0.085266056
26.188,91.782,0.085416832
26.136,91.764,0.085879927
26.173,91.765,0.086580353
26.139,91.678,0.08669054
26.174,91.773,0.086698179
26.175,91.773,0.086895561
26.154,91.778,0.086896982
26.112,91.737,0.086969433
26.178,91.774,0.087101917
26.111,91.737,0.087246399
26.112,91.738,0.087383366
26.143,91.742,0.087544575
26.171,91.771,0.087717209
26.176,91.774,0.087784586
26.177,91.774,0.087835732
26.162,91.78,0.088037062
26.174,91.774,0.088469009
26.173,91.772,0.088558464
26.172,91.771,0.088612375
26.172,91.769,0.088758717
26.132,91.762,0.089154873
26.178,91.775,0.089178677
26.172,91.772,0.089251337
26.176,91.775,0.089265442
26.158,91.775,0.089292212
26.142,91.742,0.089539518
26.177,91.775,0.089777098
26.173,91.774,0.089922714
26.129,91.737,0.090253735
26.173,91.766,0.090287209
26.134,91.764,0.090416327
26.163,91.769,0.090826874
26.171,91.778,0.090873384
26.152,91.78,0.090889902
26.133,91.738,0.090899611
26.163,91.778,0.091341877
26.142,91.749,0.091479263
26.152,91.781,0.091600504
26.172,91.765,0.09205411
26.149,91.745,0.092325106
26.147,91.745,0.09236949
26.141,91.742,0.092541609
26.148,91.746,0.092617884
26.173,91.775,0.092840357
26.158,91.776,0.092941027
26.148,91.745,0.0930161
26.184,91.783,0.093121128
26.127,91.74,0.093693705
26.154,91.779,0.093976946
26.141,91.763,0.09418355
26.133,91.762,0.094461012
26.153,91.779,0.094529324
26.162,91.778,0.094645023
26.14,91.679,0.094670649
26.128,91.737,0.094752645
26.172,91.778,0.094909725
26.159,91.77,0.09495553
26.179,91.771,0.095303268
26.172,91.767,0.095722179
26.135,91.764,0.095946207
26.172,91.768,0.095958471
26.15,91.781,0.096577539
26.159,91.775,0.096941099
26.158,91.754,0.097200127
26.151,91.781,0.097203045
26.155,91.758,0.098124094
26.164,91.775,0.098232365
26.143,91.762,0.099066868
26.152,91.754,0.099525347
26.135,91.761,0.099679575
26.173,91.776,0.099766264
26.172,91.777,0.099805994
26.137,91.739,0.099930525
26.173,91.777,0.100461502
26.159,91.776,0.100490522
26.143,91.756,0.100587902
26.162,91.773,0.100953751
26.162,91.779,0.101310368
26.14,91.68,0.101353836
26.144,91.757,0.101927261
26.138,91.739,0.102036648
26.134,91.752,0.102859879
26.133,91.763,0.102931738
26.143,91.76,0.102960739
26.159,91.753,0.103424206
26.143,91.761,0.103581676
26.159,91.752,0.10374299
26.135,91.76,0.104601574
26.143,91.759,0.105211258
26.136,91.745,0.105752611
26.154,91.757,0.106189632
26.134,91.753,0.106369524
26.135,91.753,0.106437054
26.141,91.681,0.10697547
26.136,91.743,0.107068501
26.135,91.759,0.107235909
26.185,91.779,0.107580662
26.135,91.754,0.108036098
26.134,91.758,0.108215761
26.142,91.682,0.108217621
26.128,91.74,0.108278484
26.164,91.768,0.108511591
26.141,91.743,0.108568182
26.156,91.759,0.10894701
26.156,91.758,0.10896698
26.136,91.746,0.109408312
26.136,91.741,0.110017023
26.134,91.763,0.110377245
26.184,91.782,0.111038723
26.144,91.685,0.1112778
26.134,91.756,0.111285028
26.136,91.74,0.111765547
26.135,91.758,0.111838255
26.134,91.757,0.111952658
26.159,91.756,0.11236104
26.145,91.686,0.112405577
26.136,91.742,0.112650785
26.135,91.756,0.112743292
26.158,91.77,0.113198442
26.135,91.763,0.11337656
26.157,91.765,0.114091539
26.161,91.77,0.114141302
26.143,91.682,0.11447588
26.144,91.762,0.114545822
26.153,91.757,0.114725809
26.164,91.767,0.115020075
26.141,91.746,0.115307026
26.147,91.689,0.115488663
26.157,91.763,0.115974932
26.144,91.686,0.115996065
26.157,91.764,0.116020622
26.184,91.781,0.116165199
26.145,91.687,0.116222658
26.144,91.687,0.116482477
26.144,91.763,0.116680298
26.145,91.689,0.116815557
26.145,91.691,0.117191896
26.145,91.69,0.117252541
26.147,91.69,0.117373571
26.146,91.69,0.117376499
26.146,91.689,0.117389479
26.157,91.762,0.117416315
26.161,91.78,0.117629967
26.142,91.752,0.118334608
26.148,91.695,0.118623085
26.147,91.693,0.118637199
26.147,91.692,0.118637342
26.146,91.692,0.118645792
26.146,91.691,0.118651171
26.141,91.747,0.118899326
26.184,91.78,0.119191217
26.142,91.758,0.119475832
26.141,91.744,0.120101852
26.147,91.698,0.120189972
26.147,91.697,0.120189972
26.148,91.697,0.120189972
26.148,91.696,0.120189972
26.149,91.696,0.120189972
26.163,91.768,0.120406628
26.136,91.748,0.121642389
26.141,91.754,0.121795788
26.142,91.753,0.122254114
26.157,91.766,0.122457008
26.142,91.761,0.122530031
26.151,91.671,0.124714613
26.151,91.672,0.124715385
26.152,91.671,0.124715567
26.151,91.673,0.124841585
26.154,91.672,0.124843483
26.153,91.672,0.124843483
26.153,91.671,0.124843483
26.152,91.673,0.124843483
26.153,91.674,0.124843483
26.152,91.674,0.125227947
26.139,91.677,0.127269545
26.14,91.677,0.127278471
26.136,91.749,0.127541351
26.164,91.773,0.127723331
26.162,91.776,0.128369951
26.163,91.775,0.128465796
26.14,91.678,0.129922009
26.141,91.755,0.130676746
26.163,91.774,0.130934925
26.162,91.775,0.131154099
26.135,91.762,0.132184238
26.141,91.748,0.132451181
26.137,91.74,0.13267211
26.142,91.678,0.13277319
26.138,91.74,0.132866802
26.163,91.776,0.132933197
26.18,91.828,0.133649979
26.18,91.827,0.133649979
26.18,91.826,0.133649979
26.179,91.827,0.133649979
26.179,91.828,0.133649979
26.158,91.769,0.134123602
26.143,91.758,0.135583048
26.141,91.678,0.136048756
26.16,91.776,0.13614193
26.161,91.769,0.136644802
26.141,91.762,0.137104664
26.162,91.774,0.137134027
26.142,91.755,0.137661753
26.142,91.679,0.138054008
26.164,91.774,0.138405228
26.156,91.755,0.138579903
26.161,91.777,0.13866147
26.136,91.75,0.138828335
26.161,91.778,0.139375887
26.158,91.767,0.139767704
26.138,91.741,0.140421801
26.141,91.749,0.14073184
26.16,91.777,0.141066942
26.153,91.756,0.14132988
26.158,91.768,0.141646061
26.141,91.745,0.142375507
26.136,91.761,0.142604046
26.161,91.779,0.142747078
26.142,91.76,0.143800306
26.143,91.757,0.144129305
26.14,91.745,0.144467745
26.136,91.751,0.144530563
26.142,91.759,0.144600563
26.163,91.773,0.145238075
26.141,91.75,0.146555338
26.144,91.682,0.146703777
26.157,91.76,0.146931572
26.159,91.769,0.147430344
26.136,91.76,0.147833776
26.155,91.757,0.148002272
26.137,91.741,0.148069992
26.141,91.759,0.148640003
26.137,91.752,0.148827829
26.145,91.683,0.14891408
26.137,91.745,0.14904767
26.142,91.68,0.149060192
26.145,91.682,0.149185905
26.136,91.752,0.149451008
26.144,91.681,0.149743986
26.142,91.75,0.150331278
26.16,91.778,0.150724697
26.136,91.744,0.151138792
26.157,91.761,0.151342602
26.158,91.755,0.151376677
26.137,91.744,0.151708231
26.137,91.746,0.152205029
26.136,91.753,0.153161879
26.141,91.758,0.153198185
26.14,91.746,0.154259558
26.139,91.746,0.154631586
26.142,91.681,0.154867172
26.143,91.681,0.155247984
26.152,91.756,0.156208782
26.152,91.755,0.15620924
26.144,91.683,0.156294022
26.136,91.747,0.156456718
26.136,91.754,0.156462669
26.145,91.684,0.156850548
26.144,91.684,0.157293282
26.142,91.751,0.157305193
26.154,91.755,0.15833086
26.145,91.685,0.158417149
26.141,91.757,0.158620701
26.141,91.751,0.158717051
26.157,91.759,0.158847017
26.157,91.758,0.158869505
26.157,91.757,0.15887989
26.156,91.756,0.158883839
26.156,91.757,0.15888916
26.137,91.743,0.159035835
26.137,91.742,0.159278145
26.137,91.755,0.159295969
26.136,91.755,0.159464617
26.146,91.685,0.159761286
26.141,91.761,0.1615061
26.163,91.767,0.161891575
26.138,91.747,0.162319546
26.136,91.756,0.162423286
26.162,91.768,0.162440643
26.139,91.747,0.162582893
26.137,91.756,0.162630424
26.137,91.747,0.162865257
26.14,91.753,0.163300896
26.146,91.686,0.163971539
26.135,91.757,0.164217148
26.158,91.76,0.16431778
26.149,91.688,0.164355068
26.149,91.689,0.164369183
26.148,91.688,0.164373627
26.148,91.69,0.164385815
26.147,91.688,0.164407673
26.146,91.688,0.165321617
26.149,91.69,0.165472546
26.139,91.748,0.165984058
26.154,91.756,0.166037865
26.14,91.754,0.166103363
26.146,91.687,0.166200256
26.136,91.757,0.166222916
26.149,91.691,0.166259251
26.141,91.752,0.166711006
26.14,91.755,0.166772232
26.136,91.759,0.166778107
26.136,91.758,0.166836796
26.159,91.757,0.166908417
26.151,91.694,0.16704071
26.149,91.692,0.167365723
26.151,91.695,0.167378006
26.149,91.693,0.167380543
26.142,91.756,0.167862816
26.159,91.768,0.168151875
26.138,91.748,0.168373051
26.148,91.693,0.168615952
26.15,91.695,0.168617382
26.149,91.694,0.168618793
26.149,91.695,0.168618965
26.148,91.694,0.168619785
26.139,91.756,0.168833847
26.16,91.767,0.16885437
26.141,91.753,0.169123344
26.159,91.767,0.169437141
26.16,91.76,0.171365948
26.16,91.759,0.171820488
26.159,91.759,0.172155285
26.158,91.761,0.17219696
26.16,91.766,0.172426376
26.142,91.757,0.172605801
26.158,91.756,0.174248085
26.159,91.758,0.17552927
26.158,91.762,0.176516342
26.162,91.767,0.179603062
26.14,91.757,0.17962265
26.14,91.756,0.17965662
26.14,91.758,0.180138969
26.139,91.759,0.180274754
26.139,91.757,0.180798378
26.161,91.76,0.181242485
26.161,91.761,0.182070141
26.161,91.768,0.182372189
26.14,91.759,0.182404041
26.161,91.767,0.182407951
26.141,91.76,0.185685959
26.14,91.76,0.185724792
26.158,91.763,0.186864929
26.158,91.764,0.18815937
26.158,91.766,0.190118217
26.104,91.748,0.191826606
26.103,91.748,0.193901813
26.159,91.766,0.193948936
26.103,91.749,0.195310259
26.102,91.749,0.1969697
26.158,91.765,0.197967319
26.159,91.764,0.198495197
26.102,91.75,0.199137855
26.102,91.751,0.199718082
26.16,91.761,0.200598488
26.159,91.765,0.20145546
26.103,91.751,0.201591349
26.103,91.752,0.203394103
26.103,91.753,0.206252861
26.158,91.758,0.206610317
26.158,91.759,0.206651287
26.103,91.754,0.207290697
26.103,91.756,0.207313228
26.103,91.755,0.207317591
26.103,91.757,0.207318735
26.102,91.758,0.207319999
26.103,91.758,0.207321358
26.102,91.759,0.20732429
26.102,91.76,0.207327676
26.102,91.762,0.207329774
26.158,91.757,0.208296852
26.162,91.766,0.211976643
26.16,91.762,0.213277016
26.159,91.763,0.224008522
26.16,91.763,0.226029415
26.16,91.765,0.238983135
26.161,91.765,0.239994297
26.162,91.765,0.241083488
26.16,91.764,0.241453209
26.132,91.827,0.306399918
26.131,91.827,0.306981158
26.131,91.825,0.310568953
26.131,91.826,0.310572076
26.165,91.716,0.422571468
26.186,91.797,0.443830919
26.187,91.797,0.443830919
26.177,91.797,0.585147285
26.178,91.797,0.593292141
26.177,91.803,0.599744225
26.177,91.798,0.603548193
26.178,91.798,0.604792023
26.177,91.802,0.611394358
26.177,91.8,0.611475658
26.177,91.799,0.615282774
26.177,91.804,0.617084694
26.177,91.801,0.621079874
26.178,91.804,0.710367489
26.178,91.805,0.714623404
26.179,91.805,0.76777401
26.18,91.806,0.77914052
,,
,,
,,
,,
,,
,,
,,
,,
,,
,,
,,
,,
,,
,,
,,
,,
,,
,,
,,
,,
,,
,,
,,
,,
,,
,,
,,
,,
,,
,,
,,
,,
,,
,,
,,
,,
,,
,,
,,
,,
,,
,,
,,
,,
,,
,,
,,
,,
,,
,,
,,
,,
,,
,,
,,
,,
,,
,,
,,
,,
,,
,,
,,
,,
,,
,,
,,
,,
,,
,,
,,
,,
,,
,,
,,
,,
,,
,,
,,
,,
,,
,,
,,
,,
,,
,,
,,
,,
,,
,,
,,
,,
,,
,,
,,
,,
,,
,,
,,
,,
,,
,,
,,
,,
,,
,,
,,
,,
,,
,,
,,
,,
,,
,,
,,
,,
,,
,,
,,
,,
,,
,,
,,
,,
,,
,,
,,
,,
,,
,,
,,
,,
,,
,,
,,
,,
,,
,,
,,
,,
,,
,,
,,
,,
,,
,,
,,
,,
,,
,,
,,
,,
,,
,,
,,
,,
,,
,,
,,
,,
,,
,,
,,
,,
,,
,,
,,
,,
,,
,,
,,
,,
,,
,,
,,
,,
,,
,,
,,
,,
,,
,,
,,
,,
,,
,,
,,
,,
,,
,,
,,
,,
,,
,,
,,
,,
,,
,,
,,
,,
,,
,,
,,
,,
,,
,,
,,
,,
,,
,,
,,
,,
,,
,,
,,
,,
,,
,,
,,
,,
,,
,,
,,
,,
,,
,,
,,
,,
,,
,,
,,
,,
,,
,,
,,
,,
,,
,,
,,
,,
,,
,,
,,
,,
,,
,,
,,
,,
,,
,,
,,
,,
,,
,,
,,
,,
,,
,,
,,
,,
,,
,,
,,
,,
,,
,,
,,
,,
,,
,,
,,
,,
,,
,,
,,
,,
,,
,,
,,
,,
,,
,,
,,
,,
,,
,,
,,
,,
,,
,,
,,
,,
,,
,,
,,
,,
,,
,,
,,
,,
,,
,,
,,
,,
,,
,,
,,
,,
,,
,,
,,
,,
,,
,,
,,
,,
,,
,,
,,
,,
,,
,,
,,
,,
,,
,,
,,
,,
,,
,,
,,
,,
,,
,,
,,
,,
,,
,,
,,
,,
,,
,,
,,
,,
,,
,,
,,
,,
,,
,,
,,
,,
,,
,,
,,
,,
,,
,,
,,
,,
,,
,,
,,
,,
,,
,,
,,
,,
,,
,,
,,
,,
,,
,,
,,
,,
,,
,,
,,
,,
,,
,,
,,
,,
,,
,,
,,
,,
,,
,,
,,
,,
,,
,,
,,
,,
,,
,,
,,
,,
,,
,,
,,
,,
,,
,,
,,
,,
,,
,,
,,
,,
,,
,,
,,
,,
,,
,,
,,
,,
,,
,,
,,
,,
,,
,,
,,
,,
,,
,,
,,
,,
,,
,,
,,
,,
,,
,,
,,
,,
,,
,,
,,
,,
,,
,,
,,
,,
,,
,,
,,
,,
,,
,,
,,
,,
,,
,,
,,
,,
,,
,,
,,
,,
,,
,,
,,
,,
,,
,,
,,
,,
,,
,,
,,
,,
,,
,,
,,
,,
,,
,,
,,
,,
,,
,,
,,
,,
,,
,,
,,
,,
,,
,,
,,
,,
,,
,,
,,
,,
,,
,,
,,
,,
,,
,,
,,
,,
,,
,,
,,
,,
,,
,,
,,
,,
,,
,,
,,
,,
,,
,,
,,
,,
,,
,,
,,
,,
,,
,,
,,
,,
,,
,,
,,
,,
,,
,,
,,
,,
,,
,,
,,
,,
,,
,,
,,
,,
,,
,,
,,
,,
,,
,,
,,
,,
,,
,,
,,
,,
,,
,,
,,
,,
,,
,,
,,
,,
,,
,,
,,
,,
,,
,,
,,
,,
,,
,,
,,
,,
,,
,,
,,
,,
,,
,,
,,
,,
,,
,,
,,
,,
,,
,,
,,
,,
,,
,,
,,
,,
,,
,,
,,
,,
,,
,,
,,
,,
,,
,,
,,
,,
,,
,,
,,
,,
,,
,,
,,
,,
,,
,,
,,
,,
,,
,,
,,
,,
,,
,,
,,
,,
,,
,,
,,
,,
,,
,,
,,
,,
,,
,,
,,
,,
,,
,,
,,
,,
,,
,,
,,
,,
,,
,,
,,
,,
,,
,,
,,
,,
,,
,,
,,
,,
,,
,,
,,
,,
,,
,,
,,
,,
,,
,,
,,
,,
,,
,,
,,
,,
,,
,,
,,
,,
,,
,,
,,
,,
,,
,,
,,
,,
,,
,,
,,
,,
,,
,,
,,
,,
,,
,,
,,
,,
,,
,,
,,
,,
,,
,,
,,
,,
,,
,,
,,
,,
,,
,,
,,
,,
,,
,,
,,
,,
,,
,,
,,
,,
,,
,,
,,
,,
,,
,,
,,
,,
,,
,,
,,
,,
,,
,,
,,
,,
,,
,,
,,
,,
,,
,,
,,
,,
,,
,,
,,
,,
,,
,,
,,
,,
,,
,,
,,
,,
,,
,,
,,
,,
,,
,,
,,
,,
,,
,,
,,
,,
,,
,,
,,
,,
,,
,,
,,
,,
,,
,,
,,
,,
,,
,,
,,
,,
,,
,,
,,
,,
,,
,,
,,
,,
,,
,,
,,
,,
,,
,,
,,
,,
,,
,,
,,
,,
,,
,,
,,
,,
,,
,,
,,
,,
,,
,,
,,
,,
,,
,,
,,
,,
,,
,,
,,
,,
,,
,,
,,
,,
,,
,,
,,
,,
,,
,,
,,
,,
,,
,,
,,
,,
,,
,,
,,
,,
,,
,,
,,
,,
,,
,,
,,
,,
,,
,,
,,
,,
,,
,,
,,
,,
,,
,,
,,
,,
,,
,,
,,
,,
,,
,,
,,
,,
,,
,,
,,
,,
,,
,,
,,
,,
,,
,,
,,
,,
,,
,,
,,
,,
,,
,,
,,
,,
,,
,,
,,
,,
,,
,,
,,
,,
,,
,,
,,
,,
,,
,,
,,
,,
,,
,,
,,
,,
,,
,,
,,
,,
,,
,,
,,
,,
,,
,,
,,
,,
,,
,,
,,
,,
,,
,,
,,
,,
,,
,,
,,
,,
,,
,,
,,
,,
,,
,,
,,
,,
,,
,,
,,
,,
,,
,,
,,
,,
,,
,,
,,
,,
,,
,,
,,
,,
,,
,,
,,
,,
,,
,,
,,
,,
,,
,,
,,
,,
,,
,,
,,
,,
,,
,,
,,
,,
,,
,,
,,
,,
,,
,,
,,
,,
,,
,,
,,
,,
,,
,,
,,
,,
,,
,,
,,
,,
,,
,,
,,
,,
,,
,,
,,
,,
,,
,,
,,
,,
,,
,,
,,
,,
,,
,,
,,
,,
,,
,,
,,
,,
,,
,,
,,
,,
,,
,,
,,
,,
,,
,,
,,
,,
,,
,,
,,
,,
,,
,,
,,
,,
,,
,,
,,
,,
,,
,,
,,
,,
,,
,,
,,
,,
,,
,,
,,
,,
,,
,,
,,
,,
,,
,,
,,
,,
,,
,,
,,
,,
,,
,,
,,
,,
,,
,,
,,
,,
,,
,,
,,
,,
,,
,,
,,
,,
,,
,,
,,
,,
,,
,,
,,
,,
,,
,,
,,
,,
,,
,,
,,
,,
,,
,,
,,
,,
,,
,,
,,
,,
,,
,,
,,
,,
,,
,,
,,
,,
,,
,,
,,
,,
,,
,,
,,
,,
,,
,,
,,
,,
,,
,,
,,
,,
,,
,,
,,
,,
,,
,,
,,
,,
,,
,,
,,
,,
,,
,,
,,
,,
,,
,,
,,
,,
,,
,,
,,
,,
,,
,,
,,
,,
,,
,,
,,
,,
,,
,,
,,
,,
,,
,,
,,
,,
,,
,,
,,
,,
,,
,,
,,
,,
,,
,,
,,
,,
,,
,,
,,
,,
,,
,,
,,
,,
,,
,,
,,
,,
,,
,,
,,
,,
,,
,,
,,
,,
,,
,,
,,
,,
,,
,,
,,
,,
,,
,,
,,
,,
,,
,,
,,
,,
,,
,,
,,
,,
,,
,,
,,
,,
,,
,,
,,
,,
,,
,,
,,
,,
,,
,,
,,
,,
,,
,,
,,
,,
,,
,,
,,
,,
,,
,,
,,
,,
,,
,,
,,
,,
,,
,,
,,
,,
,,
,,
,,
,,
,,
,,
,,
,,
,,
,,
,,
,,
,,
,,
,,
,,
,,
,,
,,
,,
,,
,,
,,
,,
,,
,,
,,
,,
,,
,,
,,
,,
,,
,,
,,
,,
,,
,,
,,
,,
,,
,,
,,
,,
,,
,,
,,
,,
,,
,,
,,
,,
,,
,,
,,
,,
,,
,,
,,
,,
,,
,,
,,
,,
,,
,,
,,
,,
,,
,,
,,
,,
,,
,,
,,
,,
,,
,,
,,
,,
,,
,,
,,
,,
,,
,,
,,
,,
,,
,,
,,
,,
,,
,,
,,
,,
,,
,,
,,
,,
,,
,,
,,
,,
,,
,,
,,
,,
,,
,,
,,
,,
,,
,,
,,
,,
,,
,,
,,
,,
,,
,,
,,
,,
,,
,,
,,
,,
,,
,,
,,
,,
,,
,,
,,
,,
,,
,,
,,
,,
,,
,,
,,
,,
,,
,,
,,
,,
,,
,,
,,
,,
,,
,,
,,
,,
,,
,,
,,
,,
,,
,,
,,
,,
,,
,,
,,
,,
,,
,,
,,
,,
,,
,,
,,
,,
,,
,,
,,
,,
,,
,,
,,
,,
,,
,,
,,
,,
,,
,,
,,
,,
,,
,,
,,
,,
,,
,,
,,
,,
,,
,,
,,
,,
,,
,,
,,
,,
,,
,,
,,
,,
,,
,,
,,
,,
,,
,,
,,
,,
,,
,,
,,
,,
,,
,,
,,
,,
,,
,,
,,
,,
,,
,,
,,
,,
,,
,,
,,
,,
,,
,,
,,
,,
,,
,,
,,
,,
,,
,,
,,
,,
,,
,,
,,
,,
,,
,,
,,
,,
,,
,,
,,
,,
,,
,,
,,
,,
,,
,,
,,
,,
,,
,,
,,
,,
,,
,,
,,
,,
,,
,,
,,
,,
,,
,,
,,
,,
,,
,,
,,
,,
,,
,,
,,
,,
,,
,,
,,
,,
,,
,,
,,
,,
,,
,,
,,
,,
,,
,,
,,
,,
,,
,,
,,
,,
,,
,,
,,
,,
,,
,,
,,
,,
,,
,,
,,
,,
,,
,,
,,
,,
,,
,,
,,
,,
,,
,,
,,
,,
,,
,,
,,
,,
,,
,,
,,
,,
,,
,,
,,
,,
,,
,,
,,
,,
,,
,,
,,
,,
,,
,,
,,
,,
,,
,,
,,
,,
,,
,,
,,
,,
,,
,,
,,
,,
,,
,,
,,
,,
,,
,,
,,
,,
,,
,,
,,
,,
,,
,,
,,
,,
,,
,,
,,
,,
,,
,,
,,
,,
,,
,,
,,
,,
,,
,,
,,
,,
,,
,,
,,
,,
,,
,,
,,
,,
,,
,,
,,
,,
,,
,,
,,
,,
,,
,,
,,
,,
,,
,,
,,
,,
,,
,,
,,
,,
,,
,,
,,
,,
,,
,,
,,
,,
,,
,,
,,
,,
,,
,,
,,
,,
,,
,,
,,
,,
,,
,,
,,
,,
,,
,,
,,
,,
,,
,,
,,
,,
,,
,,
,,
,,
,,
,,
,,
,,
,,
,,
,,
,,
,,
,,
,,
,,
,,
,,
,,
,,
,,
,,
,,
,,
,,
,,
,,
,,
,,
,,
,,
,,
,,
,,
,,
,,
,,
,,
,,
,,
,,
,,
,,
,,
,,
,,
,,
,,
,,
,,
,,
,,
,,
,,
,,
,,
,,
,,
,,
,,
,,
,,
,,
,,
,,
,,
,,
,,
,,
,,
,,
,,
,,
,,
,,
,,
,,
,,
,,
,,
,,
,,
,,
,,
,,
,,
,,
,,
,,
,,
,,
,,
,,
,,
,,
,,
,,
,,
,,
,,
,,
,,
,,
,,
,,
,,
,,
,,
,,
,,
,,
,,
,,
,,
,,
,,
,,
,,
,,
,,
,,
,,
,,
,,
,,
,,
,,
,,
,,
,,
,,
,,
,,
,,
,,
,,
,,
,,
,,
,,
,,
,,
,,
,,
,,
,,
,,
,,
,,
,,
,,
,,
,,
,,
,,
,,
,,
,,
,,
,,
,,
,,
,,
,,
,,
,,
,,
,,
,,
,,
,,
,,
,,
,,
,,
,,
,,
,,
,,
,,
,,
,,
,,
,,
,,
,,
,,
,,
,,
,,
,,
,,
,,
,,
,,
,,
,,
,,
,,
,,
,,
,,
,,
,,
,,
,,
,,
,,
,,
,,
,,
,,
,,
,,
,,
,,
,,
,,
,,
,,
,,
,,
,,
,,
,,
,,
,,
,,
,,
,,
,,
,,
,,
,,
,,
,,
,,
,,
,,
,,
,,
,,
,,
,,
,,
,,
,,
,,
,,
,,
,,
,,
,,
,,
,,
,,
,,
,,
,,
,,
,,
,,
,,
,,
,,
,,
,,
,,
,,
,,
,,
,,
,,
,,
,,
,,
,,
,,
,,
,,
,,
,,
,,
,,
,,
,,
,,
,,
,,
,,
,,
,,
,,
,,
,,
,,
,,
,,
,,
,,
,,
,,
,,
,,
,,
,,
,,
,,
,,
,,
,,
,,
,,
,,
,,
,,
,,
,,
,,
,,
,,
,,
,,
,,
,,
,,
,,
,,
,,
,,
,,
,,
,,
,,
,,
,,
,,
,,
,,
,,
,,
,,
,,
,,
,,
,,
,,
,,
,,
,,
,,
,,
,,
,,
,,
,,
,,
,,
,,
,,
,,
,,
,,
,,
,,
,,
,,
,,
,,
,,
,,
,,
,,
,,
,,
,,
,,
,,
,,
,,
,,
,,
,,
,,
,,
,,
,,
,,
,,
,,
,,
,,
,,
,,
,,
,,
,,
,,
,,
,,
,,
,,
,,
,,
,,
,,
,,
,,
,,
,,
,,
,,
,,
,,
,,
,,
,,
,,
,,
,,
,,
,,
,,
,,
,,
,,
,,
,,
,,
,,
,,
,,
,,
,,
,,
,,
,,
,,
,,
,,
,,
,,
,,
,,
,,
,,
,,
,,
,,
,,
,,
,,
,,
,,
,,
,,
,,
,,
,,
,,
,,
,,
,,
,,
,,
,,
,,
,,
,,
,,
,,
,,
,,
,,
,,
,,
,,
,,
,,
,,
,,
,,
,,
,,
,,
,,
,,
,,
,,
,,
,,
,,
,,
,,
,,
,,
,,
,,
,,
,,
,,
,,
,,
,,
,,
,,
,,
,,
,,
,,
,,
,,
,,
,,
,,
,,
,,
,,
,,
,,
,,
,,
,,
,,
,,
,,
,,
,,
,,
,,
,,
,,
,,
,,
,,
,,
,,
,,
,,
,,
,,
,,
,,
,,
,,
,,
,,
,,
,,
,,
,,
,,
,,
,,
,,
,,
,,
,,
,,
,,
,,
,,
,,
,,
,,
,,
,,
,,
,,
,,
,,
,,
,,
,,
,,
,,
,,
,,
,,
,,
,,
,,
,,
,,
,,
,,
,,
,,
,,
,,
,,
,,
,,
,,
,,
,,
,,
,,
,,
,,
,,
,,
,,
,,
,,
,,
,,
,,
,,
,,
,,
,,
,,
,,
,,
,,
,,
,,
,,
,,
,,
,,
,,
,,
,,
,,
,,
,,
,,
,,
,,
,,
,,
,,
,,
,,
,,
,,
,,
,,
,,
,,
,,
,,
,,
,,
,,
,,
,,
,,
,,
,,
,,
,,
,,
,,
,,
,,
,,
,,
,,
,,
,,
,,
,,
,,
,,
,,
,,
,,
,,
,,
,,
,,
,,
,,
,,
,,
,,
,,
,,
,,
,,
,,
,,
,,
,,
,,
,,
,,
,,
,,
,,
,,
,,
,,
,,
,,
,,
,,
,,
,,
,,
,,
,,
,,
,,
,,
,,
,,
,,
,,
,,
,,
,,
,,
,,
,,
,,
,,
,,
,,
,,
,,
,,
,,
,,
,,
,,
,,
,,
,,
,,
,,
,,
,,
,,
,,
,,
,,
,,
,,
,,
,,
,,
,,
,,
,,
,,
,,
,,
,,
,,
,,
,,
,,
,,
,,
,,
,,
,,
,,
,,
,,
,,
,,
,,
,,
,,
,,
,,
,,
,,
,,
,,
,,
,,
,,
,,
,,
,,
,,
,,
,,
,,
,,
,,
,,
,,
,,
,,
,,
,,
,,
,,
,,
,,
,,
,,
,,
,,
,,
,,
,,
,,
,,
,,
,,
,,
,,
,,
,,
,,
,,
,,
,,
,,
,,
,,
,,
,,
,,
,,
,,
,,
,,
,,
,,
,,
,,
,,
,,
,,
,,
,,
,,
,,
,,
,,
,,
,,
,,
,,
,,
,,
,,
,,
,,
,,
,,
,,
,,
,,
,,
,,
,,
,,
,,
,,
,,
,,
,,
,,
,,
,,
,,
,,
,,
,,
,,
,,
,,
,,
,,
,,
,,
,,
,,
,,
,,
,,
,,
,,
,,
,,
,,
,,
,,
,,
,,
,,
,,
,,
,,
,,
,,
,,
,,
,,
,,
,,
,,
,,
,,
,,
,,
,,
,,
,,
,,
,,
,,
,,
,,
,,
,,
,,
,,
,,
,,
,,
,,
,,
,,
,,
,,
,,
,,
,,
,,
,,
,,
,,
,,
,,
,,
,,
,,
,,
,,
,,
,,
,,
,,
,,
,,
,,
,,
,,
,,
,,
,,
,,
,,
,,
,,
,,
,,
,,
,,
,,
,,
,,
,,
,,
,,
,,
,,
,,
,,
,,
,,
,,
,,
,,
,,
,,
,,
,,
,,
,,
,,
,,
,,
,,
,,
,,
,,
,,
,,
,,
,,
,,
,,
,,
,,
,,
,,
,,
,,
,,
,,
,,
,,
,,
,,
,,
,,
,,
,,
,,
,,
,,
,,
,,
,,
,,
,,
,,
,,
,,
,,
,,
,,
,,
,,
,,
,,
,,
,,
,,
,,
,,
,,
,,
,,
,,
,,
,,
,,
,,
,,
,,
,,
,,
,,
,,
,,
,,
,,
,,
,,
,,
,,
,,
,,
,,
,,
,,
,,
,,
,,
,,
,,
,,
,,
,,
,,
,,
,,
,,
,,
,,
,,
,,
,,
,,
,,
,,
,,
,,
,,
,,
,,
,,
,,
,,
,,
,,
,,
,,
,,
,,
,,
,,
,,
,,
,,
,,
,,
,,
,,
,,
,,
,,
,,
,,
,,
,,
,,
,,
,,
,,
,,
,,
,,
,,
,,
,,
,,
,,
,,
,,
,,
,,
,,
,,
,,
,,
,,
,,
,,
,,
,,
,,
,,
,,
,,
,,
,,
,,
,,
,,
,,
,,
,,
,,
,,
,,
,,
,,
,,
,,
,,
,,
,,
,,
,,
,,
,,
,,
,,
,,
,,
,,
,,
,,
,,
,,
,,
,,
,,
,,
,,
,,
,,
,,
,,
,,
,,
,,
,,
,,
,,
,,
,,
,,
,,
,,
,,
,,
,,
,,
,,
,,
,,
,,
,,
,,
,,
,,
,,
,,
,,
,,
,,
,,
,,
,,
,,
,,
,,
,,
,,
,,
,,
,,
,,
,,
,,
,,
,,
,,
,,
,,
,,
,,
,,
,,
,,
,,
,,
,,
,,
,,
,,
,,
,,
,,
,,
,,
,,
,,
,,
,,
,,
,,
,,
,,
,,
,,
,,
,,
,,
,,
,,
,,
,,
,,
,,
,,
,,
,,
,,
,,
,,
,,
,,
,,
,,
,,
,,
,,
,,
,,
,,
,,
,,
,,
,,
,,
,,
,,
,,
,,
,,
,,
,,
,,
,,
,,
,,
,,
,,
,,
,,
,,
,,
,,
,,
,,
,,
,,
,,
,,
,,
,,
,,
,,
,,
,,
,,
,,
,,
,,
,,
,,
,,
,,
,,
,,
,,
,,
,,
,,
,,
,,
,,
,,
,,
,,
,,
,,
,,
,,
,,
,,
,,
,,
,,
,,
,,
,,
,,
,,
,,
,,
,,
,,
,,
,,
,,
,,
,,
,,
,,
,,
,,
,,
,,
,,
,,
,,
,,
,,
,,
,,
,,
,,
,,
,,
,,
,,
,,
,,
,,
,,
,,
,,
,,
,,
,,
,,
,,
,,
,,
,,
,,
,,
,,
,,
,,
,,
,,
,,
,,
,,
,,
,,
,,
,,
,,
,,
,,
,,
,,
,,
,,
,,
,,
,,
,,
,,
,,
,,
,,
,,
,,
,,
,,
,,
,,
,,
,,
,,
,,
,,
,,
,,
,,
,,
,,
,,
,,
,,
,,
,,
,,
,,
,,
,,
,,
,,
,,
,,
,,
,,
,,
,,
,,
,,
,,
,,
,,
,,
,,
,,
,,
,,
,,
,,
,,
,,
,,
,,
,,
,,
,,
,,
,,
,,
,,
,,
,,
,,
,,
,,
,,
,,
,,
,,
,,
,,
,,
,,
,,
,,
,,
,,
,,
,,
,,
,,
,,
,,
,,
,,
,,
,,
,,
,,
,,
,,
,,
,,
,,
,,
,,
,,
,,
,,
,,
,,
,,
,,
,,
,,
,,
,,
,,
,,
,,
,,
,,
,,
,,
,,
,,
,,
,,
,,
,,
,,
,,
,,
,,
,,
,,
,,
,,
,,
,,
,,
,,
,,
,,
,,
,,
,,
,,
,,
,,
,,
,,
,,
,,
,,
,,
,,
,,
,,
,,
,,
,,
,,
,,
,,
,,
,,
,,
,,
,,
,,
,,
,,
,,
,,
,,
,,
,,
,,
,,
,,
,,
,,
,,
,,
,,
,,
,,
,,
,,
,,
,,
,,
,,
,,
,,
,,
,,
,,
,,
,,
,,
,,
,,
,,
,,
,,
,,
,,
,,
,,
,,
,,
,,
,,
,,
,,
,,
,,
,,
,,
,,
,,
,,
,,
,,
,,
,,
,,
,,
,,
,,
,,
,,
,,
,,
,,
,,
,,
,,
,,
,,
,,
,,
,,
,,
,,
,,
,,
,,
,,
,,
,,
,,
,,
,,
,,
,,
,,
,,
,,
,,
,,
,,
,,
,,
,,
,,
,,
,,
,,
,,
,,
,,
,,
,,
,,
,,
,,
,,
,,
,,
,,
,,
,,
,,
,,
,,
,,
,,
,,
,,
,,
,,
,,
,,
,,
,,
,,
,,
,,
,,
,,
,,
,,
,,
,,
,,
,,
,,
,,
,,
,,
,,
,,
,,
,,
,,
,,
,,
,,
,,
,,
,,
,,
,,
,,
,,
,,
,,
,,
,,
,,
,,
,,
,,
,,
,,
,,
,,
,,
,,
,,
,,
,,
,,
,,
,,
,,
,,
,,
,,
,,
,,
,,
,,
,,
,,
,,
,,
,,
,,
,,
,,
,,
,,
,,
,,
,,
,,
,,
,,
,,
,,
,,
,,
,,
,,
,,
,,
,,
,,
,,
,,
,,
,,
,,
,,
,,
,,
,,
,,
,,
,,
,,
,,
,,
,,
,,
,,
,,
,,
,,
,,
,,
,,
,,
,,
,,
,,
,,
,,
,,
,,
,,
,,
,,
,,
,,
,,
,,
,,
,,
,,
,,
,,
,,
,,
,,
,,
,,
,,
,,
,,
,,
,,
,,
,,
,,
,,
,,
,,
,,
,,
,,
,,
,,
,,
,,
,,
,,
,,
,,
,,
,,
,,
,,
,,
,,
,,
,,
,,
,,
,,
,,
,,
,,
,,
,,
,,
,,
,,
,,
,,
,,
,,
,,
,,
,,
,,
,,
,,
,,
,,
,,
,,
,,
,,
,,
,,
,,
,,
,,
,,
,,
,,
,,
,,
,,
,,
,,
,,
,,
,,
,,
,,
,,
,,
,,
,,
,,
,,
,,
,,
,,
,,
,,
,,
,,
,,
,,
,,
,,
,,
,,
,,
,,
,,
,,
,,
,,
,,
,,
,,
,,
,,
,,
,,
,,
,,
,,
,,
,,
,,
,,
,,
,,
,,
,,
,,
,,
,,
,,
,,
,,
,,
,,
,,
,,
,,
,,
,,
,,
,,
,,
,,
,,
,,
,,
,,
,,
,,
,,
,,
,,
,,
,,
,,
,,
,,
,,
,,
,,
,,
,,
,,
,,
,,
,,
,,
,,
,,
,,
,,
,,
,,
,,
,,
,,
,,
,,
,,
,,
,,
,,
,,
,,
,,
,,
,,
,,
,,
,,
,,
,,
,,
,,
,,
,,
,,
,,
,,
,,
,,
,,
,,
,,
,,
,,
,,
,,
,,
,,
,,
,,
,,
,,
,,
,,
,,
,,
,,
,,
,,
,,
,,
,,
,,
,,
,,
,,
,,
,,
,,
,,
,,
,,
,,
,,
,,
,,
,,
,,
,,
,,
,,
,,
,,
,,
,,
,,
,,
,,
,,
,,
,,
,,
,,
,,
,,
,,
,,
,,
,,
,,
,,
,,
,,
,,
,,
,,
,,
,,
,,
,,
,,
,,
,,
,,
,,
,,
,,
,,
,,
,,
,,
,,
,,
,,
,,
,,
,,
,,
,,
,,
,,
,,
,,
,,
,,
,,
,,
,,
,,
,,
,,
,,
,,
,,
,,
,,
,,
,,
,,
,,
,,
,,
,,
,,
,,
,,
,,
,,
,,
,,
,,
,,
,,
,,
,,
,,
,,
,,
,,
,,
,,
,,
,,
,,
,,
,,
,,
,,
,,
,,
,,
,,
,,
,,
,,
,,
,,
,,
,,
,,
,,
,,
,,
,,
,,
,,
,,
,,
,,
,,
,,
,,
,,
,,
,,
,,
,,
,,
,,
,,
,,
,,
,,
,,
,,
,,
,,
,,
,,
,,
,,
,,
,,
,,
,,
,,
,,
,,
,,
,,
,,
,,
,,
,,
,,
,,
,,
,,
,,
,,
,,
,,
,,
,,
,,
,,
,,
,,
,,
,,
,,
,,
,,
,,
,,
,,
,,
,,
,,
,,
,,
,,
,,
,,
,,
,,
,,
,,
,,
,,
,,
,,
,,
,,
,,
,,
,,
,,
,,
,,
,,
,,
,,
,,
,,
,,
,,
,,
,,
,,
,,
,,
,,
,,
,,
,,
,,
,,
,,
,,
,,
,,
,,
,,
,,
,,
,,
,,
,,
,,
,,
,,
,,
,,
,,
,,
,,
,,
,,
,,
,,
,,
,,
,,
,,
,,
,,
,,
,,
,,
,,
,,
,,
,,
,,
,,
,,
,,
,,
,,
,,
,,
,,
,,
,,
,,
,,
,,
,,
,,
,,
,,
,,
,,
,,
,,
,,
,,
,,
,,
,,
,,
,,
,,
,,
,,
,,
,,
,,
,,
,,
,,
,,
,,
,,
,,
,,
,,
,,
,,
,,
,,
,,
,,
,,
,,
,,
,,
,,
,,
,,
,,
,,
,,
,,
,,
,,
,,
,,
,,
,,
,,
,,
,,
,,
,,
,,
,,
,,
,,
,,
,,
,,
,,
,,
,,
,,
,,
,,
,,
,,
,,
,,
,,
,,
,,
,,
,,
,,
,,
,,
,,
,,
,,
,,
,,
,,
,,
,,
,,
,,
,,
,,
,,
,,
,,
,,
,,
,,
,,
,,
,,
,,
,,
,,
,,
,,
,,
,,
,,
,,
,,
,,
,,
,,
,,
,,
,,
,,
,,
,,
,,
,,
,,
,,
,,
,,
,,
,,
,,
,,
,,
,,
,,
,,
,,
,,
,,
,,
,,
,,
,,
,,
,,
,,
,,
,,
,,
,,
,,
,,
,,
,,
,,
,,
,,
,,
,,
,,
,,
,,
,,
,,
,,
,,
,,
,,
,,
,,
,,
,,
,,
,,
,,
,,
,,
,,
,,
,,
,,
,,
,,
,,
,,
,,
,,
,,
,,
,,
,,
,,
,,
,,
,,
,,
,,
,,
,,
,,
,,
,,
,,
,,
,,
,,
,,
,,
,,
,,
,,
,,
,,
,,
,,
,,
,,
,,
,,
,,
,,
,,
,,
,,
,,
,,
,,
,,
,,
,,
,,
,,
,,
,,
,,
,,
,,
,,
,,
,,
,,
,,
,,
,,
,,
,,
,,
,,
,,
,,
,,
,,
,,
,,
,,
,,
,,
,,
,,
,,
,,
,,
,,
,,
,,
,,
,,
,,
,,
,,
,,
,,
,,
,,
,,
,,
,,
,,
,,
,,
,,
,,
,,
,,
,,
,,
,,
,,
,,
,,
,,
,,
,,
,,
,,
,,
,,
,,
,,
,,
,,
,,
,,
,,
,,
,,
,,
,,
,,
,,
,,
,,
,,
,,
,,
,,
,,
,,
,,
,,
,,
,,
,,
,,
,,
,,
,,
,,
,,
,,
,,
,,
,,
,,
,,
,,
,,
,,
,,
,,
,,
,,
,,
,,
,,
,,
,,
,,
,,
,,
,,
,,
,,
,,
,,
,,
,,
,,
,,
,,
,,
,,
,,
,,
,,
,,
,,
,,
,,
,,
,,
,,
,,
,,
,,
,,
,,
,,
,,
,,
,,
,,
,,
,,
,,
,,
,,
,,
,,
,,
,,
,,
,,
,,
,,
,,
,,
,,
,,
,,
,,
,,
,,
,,
,,
,,
,,
,,
,,
,,
,,
,,
,,
,,
,,
,,
,,
,,
,,
,,
,,
,,
,,
,,
,,
,,
,,
,,
,,
,,
,,
,,
,,
,,
,,
,,
,,
,,
,,
,,
,,
,,
,,
,,
,,
,,
,,
,,
,,
,,
,,
,,
,,
,,
,,
,,
,,
,,
,,
,,
,,
,,
,,
,,
,,
,,
,,
,,
,,
,,
,,
,,
,,
,,
,,
,,
,,
,,
,,
,,
,,
,,
,,
,,
,,
,,
,,
,,
,,
,,
,,
,,
,,
,,
,,
,,
,,
,,
,,
,,
,,
,,
,,
,,
,,
,,
,,
,,
,,
,,
,,
,,
,,
,,
,,
,,
,,
,,
,,
,,
,,
,,
,,
,,
,,
,,
,,
,,
,,
,,
,,
,,
,,
,,
,,
,,
,,
,,
,,
,,
,,
,,
,,
,,
,,
,,
,,
,,
,,
,,
,,
,,
,,
,,
,,
,,
,,
,,
,,
,,
,,
,,
,,
,,
,,
,,
,,
,,
,,
,,
,,
,,
,,
,,
,,
,,
,,
,,
,,
,,
,,
,,
,,
,,
,,
,,
,,
,,
,,
,,
,,
,,
,,
,,
,,
,,
,,
,,
,,
,,
,,
,,
,,
,,
,,
,,
,,
,,
,,
,,
,,
,,
,,
,,
,,
,,
,,
,,
,,
,,
,,
,,
,,
,,
,,
,,
,,
,,
,,
,,
,,
,,
,,
,,
,,
,,
,,
,,
,,
,,
,,
,,
,,
,,
,,
,,
,,
,,
,,
,,
,,
,,
,,
,,
,,
,,
,,
,,
,,
,,
,,
,,
,,
,,
,,
,,
,,
,,
,,
,,
,,
,,
,,
,,
,,
,,
,,
,,
,,
,,
,,
,,
,,
,,
,,
,,
,,
,,
,,
,,
,,
,,
,,
,,
,,
,,
,,
,,
,,
,,
,,
,,
,,
,,
,,
,,
,,
,,
,,
,,
,,
,,
,,
,,
,,
,,
,,
,,
,,
,,
,,
,,
,,
,,
,,
,,
,,
,,
,,
,,
,,
,,
,,
,,
,,
,,
,,
,,
,,
,,
,,
,,
,,
,,
,,
,,
,,
,,
,,
,,
,,
,,
,,
,,
,,
,,
,,
,,
,,
,,
,,
,,
,,
,,
,,
,,
,,
,,
,,
,,
,,
,,
,,
,,
,,
,,
,,
,,
,,
,,
,,
,,
,,
,,
,,
,,
,,
,,
,,
,,
,,
,,
,,
,,
,,
,,
,,
,,
,,
,,
,,
,,
,,
,,
,,
,,
,,
,,
,,
,,
,,
,,
,,
,,
,,
,,
,,
,,
,,
,,
,,
,,
,,
,,
,,
,,
,,
,,
,,
,,
,,
,,
,,
,,
,,
,,
,,
,,
,,
,,
,,
,,
,,
,,
,,
,,
,,
,,
,,
,,
,,
,,
,,
,,
,,
,,
,,
,,
,,
,,
,,
,,
,,
,,
,,
,,
,,
,,
,,
,,
,,
,,
,,
,,
,,
,,
,,
,,
,,
,,
,,
,,
,,
,,
,,
,,
,,
,,
,,
,,
,,
,,
,,
,,
,,
,,
,,
,,
,,
,,
,,
,,
,,
,,
,,
,,
,,
,,
,,
,,
,,
,,
,,
,,
,,
,,
,,
,,
,,
,,
,,
,,
,,
,,
,,
,,
,,
,,
,,
,,
,,
,,
,,
,,
,,
,,
,,
,,
,,
,,
,,
,,
,,
,,
,,
,,
,,
,,
,,
,,
,,
,,
,,
,,
,,
,,
,,
,,
,,
,,
,,
,,
,,
,,
,,
,,
,,
,,
,,
,,
,,
,,
,,
,,
,,
,,
,,
,,
,,
,,
,,
,,
,,
,,
,,
,,
,,
,,
,,
,,
,,
,,
,,
,,
,,
,,
,,
,,
,,
,,
,,
,,
,,
,,
,,
,,
,,
,,
,,
,,
,,
,,
,,
,,
,,
,,
,,
,,
,,
,,
,,
,,
,,
,,
,,
,,
,,
,,
,,
,,
,,
,,
,,
,,
,,
,,
,,
,,
,,
,,
,,
,,
,,
,,
,,
,,
,,
,,
,,
,,
,,
,,
,,
,,
,,
,,
,,
,,
,,
,,
,,
,,
,,
,,
,,
,,
,,
,,
,,
,,
,,
,,
,,
,,
,,
,,
,,
,,
,,
,,
,,
,,
,,
,,
,,
,,
,,
,,
,,
,,
,,
,,
,,
,,
,,
,,
,,
,,
,,
,,
,,
,,
,,
,,
,,
,,
,,
,,
,,
,,
,,
,,
,,
,,
,,
,,
,,
,,
,,
,,
,,
,,
,,
,,
,,
,,
,,
,,
,,
,,
,,
,,
,,
,,
,,
,,
,,
,,
,,
,,
,,
,,
,,
,,
,,
,,
,,
,,
,,
,,
,,
,,
,,
,,
,,
,,
,,
,,
,,
,,
,,
,,
,,
,,
,,
,,
,,
,,
,,
,,
,,
,,
,,
,,
,,
,,
,,
,,
,,
,,
,,
,,
,,
,,
,,
,,
,,
,,
,,
,,
,,
,,
,,
,,
,,
,,
,,
,,
,,
,,
,,
,,
,,
,,
,,
,,
,,
,,
,,
,,
,,
,,
,,
,,
,,
,,
,,
,,
,,
,,
,,
,,
,,
,,
,,
,,
,,
,,
,,
,,
,,
,,
,,
,,
,,
,,
,,
,,
,,
,,
,,
,,
,,
,,
,,
,,
,,
,,
,,
,,
,,
,,
,,
,,
,,
,,
,,
,,
,,
,,
,,
,,
,,
,,
,,
,,
,,
,,
,,
,,
,,
,,
,,
,,
,,
,,
,,
,,
,,
,,
,,
,,
,,
,,
,,
,,
,,
,,
,,
,,
,,
,,
,,
,,
,,
,,
,,
,,
,,
,,
,,
,,
,,
,,
,,
,,
,,
,,
,,
,,
,,
,,
,,
,,
,,
,,
,,
,,
,,
,,
,,
,,
,,
,,
,,
,,
,,
,,
,,
,,
,,
,,
,,
,,
,,
,,
,,
,,
,,
,,
,,
,,
,,
,,
,,
,,
,,
,,
,,
,,
,,
,,
,,
,,
,,
,,
,,
,,
,,
,,
,,
,,
,,
,,
,,
,,
,,
,,
,,
,,
,,
,,
,,
,,
,,
,,
,,
,,
,,
,,
,,
,,
,,
,,
,,
,,
,,
,,
,,
,,
,,
,,
,,
,,
,,
,,
,,
,,
,,
,,
,,
,,
,,
,,
,,
,,
,,
,,
,,
,,
,,
,,
,,
,,
,,
,,
,,
,,
,,
,,
,,
,,
,,
,,
,,
,,
,,
,,
,,
,,
,,
,,
,,
,,
,,
,,
,,
,,
,,
,,
,,
,,
,,
,,
,,
,,
,,
,,
,,
,,
,,
,,
,,
,,
,,
,,
,,
,,
,,
,,
,,
,,
,,
,,
,,
,,
,,
,,
,,
,,
,,
,,
,,
,,
,,
,,
,,
,,
,,
,,
,,
,,
,,
,,
,,
,,
,,
,,
,,
,,
,,
,,
,,
,,
,,
,,
,,
,,
,,
,,
,,
,,
,,
,,
,,
,,
,,
,,
,,
,,
,,
,,
,,
,,
,,
,,
,,
,,
,,
,,
,,
,,
,,
,,
,,
,,
,,
,,
,,
,,
,,
,,
,,
,,
,,
,,
,,
,,
,,
,,
,,
,,
,,
,,
,,
,,
,,
,,
,,
,,
,,
,,
,,
,,
,,
,,
,,
,,
,,
,,
,,
,,
,,
,,
,,
,,
,,
,,
,,
,,
,,
,,
,,
,,
,,
,,
,,
,,
,,
,,
,,
,,
,,
,,
,,
,,
,,
,,
,,
,,
,,
,,
,,
,,
,,
,,
,,
,,
,,
,,
,,
,,
,,
,,
,,
,,
,,
,,
,,
,,
,,
,,
,,
,,
,,
,,
,,
,,
,,
,,
,,
,,
,,
,,
,,
,,
,,
,,
,,
,,
,,
,,
,,
,,
,,
,,
,,
,,
,,
,,
,,
,,
,,
,,
,,
,,
,,
,,
,,
,,
,,
,,
,,
,,
,,
,,
,,
,,
,,
,,
,,
,,
,,
,,
,,
,,
,,
,,
,,
,,
,,
,,
,,
,,
,,
,,
,,
,,
,,
,,
,,
,,
,,
,,
,,
,,
,,
,,
,,
,,
,,
,,
,,
,,
,,
,,
,,
,,
,,
,,
,,
,,
,,
,,
,,
,,
,,
,,
,,
,,
,,
,,
,,
,,
,,
,,
,,
,,
,,
,,
,,
,,
,,
,,
,,
,,
,,
,,
,,
,,
,,
,,
,,
,,
,,
,,
,,
,,
,,
,,
,,
,,
,,
,,
,,
,,
,,
,,
,,
,,
,,
,,
,,
,,
,,
,,
,,
,,
,,
,,
,,
,,
,,
,,
,,
,,
,,
,,
,,
,,
,,
,,
,,
,,
,,
,,
,,
,,
,,
,,
,,
,,
,,
,,
,,
,,
,,
,,
,,
,,
,,
,,
,,
,,
,,
,,
,,
,,
,,
,,
,,
,,
,,
,,
,,
,,
,,
,,
,,
,,
,,
,,
,,
,,
,,
,,
,,
,,
,,
,,
,,
,,
,,
,,
,,
,,
,,
,,
,,
,,
,,
,,
,,
,,
,,
,,
,,
,,
,,
,,
,,
,,
,,
,,
,,
,,
,,
,,
,,
,,
,,
,,
,,
,,
,,
,,
,,
,,
,,
,,
,,
,,
,,
,,
,,
,,
,,
,,
,,
,,
,,
,,
,,
,,
,,
,,
,,
,,
,,
,,
,,
,,
,,
,,
,,
,,
,,
,,
,,
,,
,,
,,
,,
,,
,,
,,
,,
,,
,,
,,
,,
,,
,,
,,
,,
,,
,,
,,
,,
,,
,,
,,
,,
,,
,,
,,
,,
,,
,,
,,
,,
,,
,,
,,
,,
,,
,,
,,
,,
,,
,,
,,
,,
,,
,,
,,
,,
,,
,,
,,
,,
,,
,,
,,
,,
,,
,,
,,
,,
,,
,,
,,
,,
,,
,,
,,
,,
,,
,,
,,
,,
,,
,,
,,
,,
,,
,,
,,
,,
,,
,,
,,
,,
,,
,,
,,
,,
,,
,,
,,
,,
,,
,,
,,
,,
,,
,,
,,
,,
,,
,,
,,
,,
,,
,,
,,
,,
,,
,,
,,
,,
,,
,,
,,
,,
,,
,,
,,
,,
,,
,,
,,
,,
,,
,,
,,
,,
,,
,,
,,
,,
,,
,,
,,
,,
,,
,,
,,
,,
,,
,,
,,
,,
,,
,,
,,
,,
,,
,,
,,
,,
,,
,,
,,
,,
,,
,,
,,
,,
,,
,,
,,
,,
,,
,,
,,
,,
,,
,,
,,
,,
,,
,,
,,
,,
,,
,,
,,
,,
,,
,,
,,
,,
,,
,,
,,
,,
,,
,,
,,
,,
,,
,,
,,
,,
,,
,,
,,
,,
,,
,,
,,
,,
,,
,,
,,
,,
,,
,,
,,
,,
,,
,,
,,
,,
,,
,,
,,
,,
,,
,,
,,
,,
,,
,,
,,
,,
,,
,,
,,
,,
,,
,,
,,
,,
,,
,,
,,
,,
,,
,,
,,
,,
,,
,,
,,
,,
,,
,,
,,
,,
,,
,,
,,
,,
,,
,,
,,
,,
,,
,,
,,
,,
,,
,,
,,
,,
,,
,,
,,
,,
,,
,,
,,
,,
,,
,,
,,
,,
,,
,,
,,
,,
,,
,,
,,
,,
,,
,,
,,
,,
,,
,,
,,
,,
,,
,,
,,
,,
,,
,,
,,
,,
,,
,,
,,
,,
,,
,,
,,
,,
,,
,,
,,
,,
,,
,,
,,
,,
,,
,,
,,
,,
,,
,,
,,
,,
,,
,,
,,
,,
,,
,,
,,
,,
,,
,,
,,
,,
,,
,,
,,
,,
,,
,,
,,
,,
,,
,,
,,
,,
,,
,,
,,
,,
,,
,,
,,
,,
,,
,,
,,
,,
,,
,,
,,
,,
,,
,,
,,
,,
,,
,,
,,
,,
,,
,,
,,
,,
,,
,,
,,
,,
,,
,,
,,
,,
,,
,,
,,
,,
,,
,,
,,
,,
,,
,,
,,
,,
,,
,,
,,
,,
,,
,,
,,
,,
,,
,,
,,
,,
,,
,,
,,
,,
,,
,,
,,
,,
,,
,,
,,
,,
,,
,,
,,
,,
,,
,,
,,
,,
,,
,,
,,
,,
,,
,,
,,
,,
,,
,,
,,
,,
,,
,,
,,
,,
,,
,,
,,
,,
,,
,,
,,
,,
,,
,,
,,
,,
,,
,,
,,
,,
,,
,,
,,
,,
,,
,,
,,
,,
,,
,,
,,
,,
,,
,,
,,
,,
,,
,,
,,
,,
,,
,,
,,
,,
,,
,,
,,
,,
,,
,,
,,
,,
,,
,,
,,
,,
,,
,,
,,
,,
,,
,,
,,
,,
,,
,,
,,
,,
,,
,,
,,
,,
,,
,,
,,
,,
,,
,,
,,
,,
,,
,,
,,
,,
,,
,,
,,
,,
,,
,,
,,
,,
,,
,,
,,
,,
,,
,,
,,
,,
,,
,,
,,
,,
,,
,,
,,
,,
,,
,,
,,
,,
,,
,,
,,
,,
,,
,,
,,
,,
,,
,,
,,
,,
,,
,,
,,
,,
,,
,,
,,
,,
,,
,,
,,
,,
,,
,,
,,
,,
,,
,,
,,
,,
,,
,,
,,
,,
,,
,,
,,
,,
,,
,,
,,
,,
,,
,,
,,
,,
,,
,,
,,
,,
,,
,,
,,
,,
,,
,,
,,
,,
,,
,,
,,
,,
,,
,,
,,
,,
,,
,,
,,
,,
,,
,,
,,
,,
,,
,,
,,
,,
,,
,,
,,
,,
,,
,,
,,
,,
,,
,,
,,
,,
,,
,,
,,
,,
,,
,,
,,
,,
,,
,,
,,
,,
,,
,,
,,
,,
,,
,,
,,
,,
,,
,,
,,
,,
,,
,,
,,
,,
,,
,,
,,
,,
,,
,,
,,
,,
,,
,,
,,
,,
,,
,,
,,
,,
,,
,,
,,
,,
,,
,,
,,
,,
,,
,,
,,
,,
,,
,,
,,
,,
,,
,,
,,
,,
,,
,,
,,
,,
,,
,,
,,
,,
,,
,,
,,
,,
,,
,,
,,
,,
,,
,,
,,
,,
,,
,,
,,
,,
,,
,,
,,
,,
,,
,,
,,
,,
,,
,,
,,
,,
,,
,,
,,
,,
,,
,,
,,
,,
,,
,,
,,
,,
,,
,,
,,
,,
,,
,,
,,
,,
,,
,,
,,
,,
,,
,,
,,
,,
,,
,,
,,
,,
,,
,,
,,
,,
,,
,,
,,
,,
,,
,,
,,
,,
,,
,,
,,
,,
,,
,,
,,
,,
,,
,,
,,
,,
,,
,,
,,
,,
,,
,,
,,
,,
,,
,,
,,
,,
,,
,,
,,
,,
,,
,,
,,
,,
,,
,,
,,
,,
,,
,,
,,
,,
,,
,,
,,
,,
,,
,,
,,
,,
,,
,,
,,
,,
,,
,,
,,
,,
,,
,,
,,
,,
,,
,,
,,
,,
,,
,,
,,
,,
,,
,,
,,
,,
,,
,,
,,
,,
,,
,,
,,
,,
,,
,,
,,
,,
,,
,,
,,
,,
,,
,,
,,
,,
,,
,,
,,
,,
,,
,,
,,
,,
,,
,,
,,
,,
,,
,,
,,
,,
,,
,,
,,
,,
,,
,,
,,
,,
,,
,,
,,
,,
,,
,,
,,
,,
,,
,,
,,
,,
,,
,,
,,
,,
,,
,,
,,
,,
,,
,,
,,
,,
,,
,,
,,
,,
,,
,,
,,
,,
,,
,,
,,
,,
,,
,,
,,
,,
,,
,,
,,
,,
,,
,,
,,
,,
,,
,,
,,
,,
,,
,,
,,
,,
,,
,,
,,
,,
,,
,,
,,
,,
,,
,,
,,
,,
,,
,,
,,
,,
,,
,,
,,
,,
,,
,,
,,
,,
,,
,,
,,
,,
,,
,,
,,
,,
,,
,,
,,
,,
,,
,,
,,
,,
,,
,,
,,
,,
,,
,,
,,
,,
,,
,,
,,
,,
,,
,,
,,
,,
,,
,,
,,
,,
,,
,,
,,
,,
,,
,,
,,
,,
,,
,,
,,
,,
,,
,,
,,
,,
,,
,,
,,
,,
,,
,,
,,
,,
,,
,,
,,
,,
,,
,,
,,
,,
,,
,,
,,
,,
,,
,,
,,
,,
,,
,,
,,
,,
,,
,,
,,
,,
,,
,,
,,
,,
,,
,,
,,
,,
,,
,,
,,
,,
,,
,,
,,
,,
,,
,,
,,
,,
,,
,,
,,
,,
,,
,,
,,
,,
,,
,,
,,
,,
,,
,,
,,
,,
,,
,,
,,
,,
,,
,,
,,
,,
,,
,,
,,
,,
,,
,,
,,
,,
,,
,,
,,
,,
,,
,,
,,
,,
,,
,,
,,
,,
,,
,,
,,
,,
,,
,,
,,
,,
,,
,,
,,
,,
,,
,,
,,
,,
,,
,,
,,
,,
,,
,,
,,
,,
,,
,,
,,
,,
,,
,,
,,
,,
,,
,,
,,
,,
,,
,,
,,
,,
,,
,,
,,
,,
,,
,,
,,
,,
,,
,,
,,
,,
,,
,,
,,
,,
,,
,,
,,
,,
,,
,,
,,
,,
,,
,,
,,
,,
,,
,,
,,
